split,feature,available_rate
train,soil_moisture,0.23011987168664527
train,weather_temp,1.0
train,weather_humidity,1.0
train,weather_rain,1.0
train,weather_pressure,1.0
train,weather_wind_speed,1.0
train,weather_radiation,1.0
train,soil_temperature_0-7cm,1.0
train,soil_temperature_7-18cm,1.0
train,ec,0.3462772243795374
train,ph,0.8878946479824413
train,water_vol_past_4h,1.0
test,soil_moisture,0.6042557630124127
test,weather_temp,1.0
test,weather_humidity,1.0
test,weather_rain,1.0
test,weather_pressure,1.0
test,weather_wind_speed,1.0
test,weather_radiation,1.0
test,soil_temperature_0-7cm,1.0
test,soil_temperature_7-18cm,1.0
test,ec,0.6470220089704809
test,ph,0.9360592468968395
test,water_vol_past_4h,1.0
