zone,month,valid_before_flatline,flagged,unique_before_flatline
1,2025-02,76,0,39
1,2025-03,165,0,41
1,2025-04,168,0,49
1,2025-05,347,0,49
1,2025-06,1063,0,59
1,2025-07,1557,0,66
1,2025-08,4071,188,16
1,2025-09,712,0,5
2,2025-02,268,0,52
2,2025-03,561,0,51
2,2025-04,339,0,43
2,2025-05,433,0,52
2,2025-06,372,0,32
2,2025-07,1173,0,21
2,2025-08,4063,198,16
2,2025-09,3263,287,8
3,2025-02,86,0,31
3,2025-03,368,0,52
3,2025-04,314,0,75
3,2025-05,364,0,66
3,2025-06,264,0,57
3,2025-07,1241,981,31
3,2025-08,4131,4131,1
3,2025-09,3284,3284,1
4,2025-02,100,0,29
4,2025-03,230,0,32
4,2025-04,419,0,43
4,2025-05,310,0,54
4,2025-06,610,0,39
4,2025-07,1735,0,48
4,2025-08,4231,0,48
4,2025-09,3282,415,37
5,2025-02,113,2,27
5,2025-03,1116,0,43
5,2025-04,271,0,54
5,2025-05,615,0,60
5,2025-06,350,0,45
5,2025-07,2249,0,59
5,2025-08,4130,0,52
5,2025-09,3079,337,54
