configuration,scenario,seed,rate,n,positive,positive_rate,Precision,Recall,F1,Balanced_Accuracy,PR_AUC,Average_Precision,predicted_positive_rate,TN,FP,FN,TP
C1 Soil-only,train_and_test,101,0.0,9587,3583,0.37373526650672784,0.4849302030456853,0.8531956461066146,0.6183877819358754,0.656194758429723,0.7361756688415536,0.6977817916080838,0.6575571085845415,2757,3247,526,3057
C1 Soil-only,test_only,101,0.0,9587,3583,0.37373526650672784,0.4849302030456853,0.8531956461066146,0.6183877819358754,0.656194758429723,0.7361756688415536,0.6977817916080838,0.6575571085845415,2757,3247,526,3057
C2 Low-cost hybrid,train_and_test,101,0.0,9587,3583,0.37373526650672784,0.5265444927262422,0.7778397990510745,0.62798557908968,0.6802256956614466,0.5158101026066638,0.5161555074470779,0.5521018045269636,3498,2506,796,2787
C2 Low-cost hybrid,test_only,101,0.0,9587,3583,0.37373526650672784,0.5265444927262422,0.7778397990510745,0.62798557908968,0.6802256956614466,0.5158101026066638,0.5161555074470779,0.5521018045269636,3498,2506,796,2787
C3 Sensor-rich,train_and_test,101,0.0,9587,3583,0.37373526650672784,0.548410146480886,0.428411945297237,0.4810404261986838,0.6089428147538817,0.5404739410834808,0.5408234622770858,0.29195785960154375,4740,1264,2048,1535
C3 Sensor-rich,test_only,101,0.0,9587,3583,0.37373526650672784,0.548410146480886,0.428411945297237,0.4810404261986838,0.6089428147538817,0.5404739410834808,0.5408234622770858,0.29195785960154375,4740,1264,2048,1535
C1 Soil-only,train_and_test,101,0.1,9587,3583,0.37373526650672784,0.46544471153846156,0.8646385710298632,0.6051372204316828,0.6360168204916138,0.6226706795077571,0.6196108595182637,0.6942734953582977,2446,3558,485,3098
C1 Soil-only,test_only,101,0.1,9587,3583,0.37373526650672784,0.46725876862863164,0.8663131454088753,0.6070799921768042,0.6384363861621325,0.7259182511192875,0.67103150651012,0.692917492437676,2465,3539,479,3104
C2 Low-cost hybrid,train_and_test,101,0.1,9587,3583,0.37373526650672784,0.5004552904753232,0.7669550655874965,0.6056865770332819,0.6550464868243945,0.49530767860969427,0.49563832931538787,0.5727547720872014,3261,2743,835,2748
C2 Low-cost hybrid,test_only,101,0.1,9587,3583,0.37373526650672784,0.5094100615273254,0.7856544794864638,0.6180700406191678,0.6670610838471627,0.5002780937661976,0.5006065842931978,0.5764055491811828,3293,2711,768,2815
C3 Sensor-rich,train_and_test,101,0.1,9587,3583,0.37373526650672784,0.5565552699228792,0.48339380407479765,0.5174010455563853,0.6267735176270057,0.5333379880792614,0.5337520303006182,0.3246062376134349,4624,1380,1851,1732
C3 Sensor-rich,test_only,101,0.1,9587,3583,0.37373526650672784,0.5487320501069355,0.501255930784259,0.5239206534422404,0.6276266329470929,0.5360204755831806,0.5363428955725539,0.34139981224574945,4527,1477,1787,1796
C1 Soil-only,train_and_test,101,0.3,9587,3583,0.37373526650672784,0.4456052374982588,0.892827239743232,0.5944991637242149,0.6149679170068592,0.6384124720831549,0.5888714111384195,0.7488265359340774,2024,3980,384,3199
C1 Soil-only,test_only,101,0.3,9587,3583,0.37373526650672784,0.4412087912087912,0.8964554842310912,0.5913651845714811,0.6094535915492565,0.6973477552303573,0.6072290524862868,0.7593616355481381,1936,4068,371,3212
C2 Low-cost hybrid,train_and_test,101,0.3,9587,3583,0.37373526650672784,0.5001666666666666,0.8375662852358359,0.626317437128248,0.6690329760622884,0.4865132341372213,0.4868771239714721,0.6258475018253885,3005,2999,582,3001
C2 Low-cost hybrid,test_only,101,0.3,9587,3583,0.37373526650672784,0.4815556668335837,0.8051911805749372,0.6026739085021935,0.6439346975492941,0.4778249546961879,0.4781438414056849,0.6249087305726505,2898,3106,698,2885
C3 Sensor-rich,train_and_test,101,0.3,9587,3583,0.37373526650672784,0.5504361440393648,0.6868545911247558,0.6111249068785697,0.6760388878341967,0.5414998570045276,0.5418686026520843,0.46636069677688535,3994,2010,1122,2461
C3 Sensor-rich,test_only,101,0.3,9587,3583,0.37373526650672784,0.5364997660271409,0.6399665085124198,0.5836833396970854,0.6550099031569427,0.528017885231995,0.5283855052015243,0.44581203713361844,4023,1981,1290,2293
C1 Soil-only,train_and_test,101,0.5,9587,3583,0.37373526650672784,0.4230671414038657,0.9285514931621546,0.5812876736262776,0.5864443008782125,0.686935518423409,0.5635407983441589,0.8202774590591426,1467,4537,256,3327
C1 Soil-only,test_only,101,0.5,9587,3583,0.37373526650672784,0.4204158790170132,0.9310633547306726,0.5792672338947734,0.5825370071454828,0.6740414734850975,0.545025229081806,0.8276833211640764,1405,4599,247,3336
C2 Low-cost hybrid,train_and_test,101,0.5,9587,3583,0.37373526650672784,0.4590916284222187,0.8096567122523025,0.585942233892143,0.620184785173453,0.4468432952609686,0.44719145985076575,0.659121727339105,2586,3418,682,2901
C2 Low-cost hybrid,test_only,101,0.5,9587,3583,0.37373526650672784,0.46213292117465227,0.8344962322076472,0.5948473092609171,0.6274413206341367,0.4588492984074722,0.4591904196495964,0.6748722228017107,2524,3480,593,2990
C3 Sensor-rich,train_and_test,101,0.5,9587,3583,0.37373526650672784,0.5151936100017364,0.8280770304214345,0.6351958895311497,0.6815268563166467,0.5413042866899122,0.5416978714065626,0.6007092938354021,3212,2792,616,2967
C3 Sensor-rich,test_only,101,0.5,9587,3583,0.37373526650672784,0.5161412837067983,0.7585821936924365,0.6143067013221833,0.6670992247609417,0.5218797274350693,0.5222483399765726,0.5492854907687493,3456,2548,865,2718
C1 Soil-only,train_and_test,101,0.7,9587,3583,0.37373526650672784,0.40164126611957796,0.9561819704158526,0.5656732436225543,0.5530410185190522,0.6481602813477769,0.49359542079349006,0.8897465317617608,900,5104,157,3426
C1 Soil-only,test_only,101,0.7,9587,3583,0.37373526650672784,0.40011675423234094,0.9564610661456879,0.5642081000987816,0.5503491206811051,0.6508491261123835,0.4819420127880878,0.8933973088557422,866,5138,156,3427
C2 Low-cost hybrid,train_and_test,101,0.7,9587,3583,0.37373526650672784,0.4471188913202042,0.8554284119452973,0.5872772561793447,0.6120912879180184,0.44110823833682206,0.44144671197984103,0.7150307708355064,2214,3790,518,3065
C2 Low-cost hybrid,test_only,101,0.7,9587,3583,0.37373526650672784,0.4418739155581261,0.8529165503767793,0.5821506810172398,0.6050059100984496,0.44393563412966414,0.44428126283866565,0.7213935537707312,2144,3860,527,3056
C3 Sensor-rich,train_and_test,101,0.7,9587,3583,0.37373526650672784,0.4775721687638786,0.9003628244487859,0.624105242793577,0.6562940038299893,0.527720268412192,0.5280984960898325,0.7045999791384167,2475,3529,357,3226
C3 Sensor-rich,test_only,101,0.7,9587,3583,0.37373526650672784,0.4884515289525049,0.8381244766955066,0.6172027540848833,0.6571535108327633,0.5036729541525915,0.5040697158359915,0.6412850735370814,2859,3145,580,3003
C1 Soil-only,train_and_test,202,0.0,9587,3583,0.37373526650672784,0.4849302030456853,0.8531956461066146,0.6183877819358754,0.656194758429723,0.7361756688415536,0.6977817916080838,0.6575571085845415,2757,3247,526,3057
C1 Soil-only,test_only,202,0.0,9587,3583,0.37373526650672784,0.4849302030456853,0.8531956461066146,0.6183877819358754,0.656194758429723,0.7361756688415536,0.6977817916080838,0.6575571085845415,2757,3247,526,3057
C2 Low-cost hybrid,train_and_test,202,0.0,9587,3583,0.37373526650672784,0.5265444927262422,0.7778397990510745,0.62798557908968,0.6802256956614466,0.5158101026066638,0.5161555074470779,0.5521018045269636,3498,2506,796,2787
C2 Low-cost hybrid,test_only,202,0.0,9587,3583,0.37373526650672784,0.5265444927262422,0.7778397990510745,0.62798557908968,0.6802256956614466,0.5158101026066638,0.5161555074470779,0.5521018045269636,3498,2506,796,2787
C3 Sensor-rich,train_and_test,202,0.0,9587,3583,0.37373526650672784,0.548410146480886,0.428411945297237,0.4810404261986838,0.6089428147538817,0.5404739410834808,0.5408234622770858,0.29195785960154375,4740,1264,2048,1535
C3 Sensor-rich,test_only,202,0.0,9587,3583,0.37373526650672784,0.548410146480886,0.428411945297237,0.4810404261986838,0.6089428147538817,0.5404739410834808,0.5408234622770858,0.29195785960154375,4740,1264,2048,1535
C1 Soil-only,train_and_test,202,0.1,9587,3583,0.37373526650672784,0.46602669866506674,0.8671504325983812,0.6062439024390244,0.6371061956462926,0.7273518999299429,0.675358203479317,0.6954208824449776,2444,3560,476,3107
C1 Soil-only,test_only,202,0.1,9587,3583,0.37373526650672784,0.46891035315424084,0.8671504325983812,0.608678616906651,0.6405205860526882,0.7233500034218993,0.6706723023168659,0.6911442578491708,2485,3519,476,3107
C2 Low-cost hybrid,train_and_test,202,0.1,9587,3583,0.37373526650672784,0.5021197218924877,0.8264024560424226,0.6246835443037975,0.6686975637973605,0.5002825199652233,0.5006045663683736,0.615103786377386,3068,2936,622,2961
C2 Low-cost hybrid,test_only,202,0.1,9587,3583,0.37373526650672784,0.5098535527029471,0.7870499581356405,0.618828176431863,0.667758823171751,0.4991389522473344,0.4994727403802865,0.5769270887660374,3293,2711,763,2820
C3 Sensor-rich,train_and_test,202,0.1,9587,3583,0.37373526650672784,0.5543244075100031,0.5026514094334357,0.5272248243559718,0.6307394289005952,0.5533563711157432,0.5536682700276417,0.3388964222384479,4556,1448,1782,1801
C3 Sensor-rich,test_only,202,0.1,9587,3583,0.37373526650672784,0.5473075752966231,0.502093217973765,0.52372634643377,0.6271292205791543,0.5348035689859244,0.5351340569949727,0.342860123083342,4516,1488,1784,1799
C1 Soil-only,train_and_test,202,0.3,9587,3583,0.37373526650672784,0.44456732098424107,0.8975718671504326,0.5946195802902838,0.6141756737484342,0.6898700630791764,0.6132692971556017,0.7545634713674768,1986,4018,367,3216
C1 Soil-only,test_only,202,0.3,9587,3583,0.37373526650672784,0.44289847086375533,0.8972927714205973,0.5930640103301974,0.6118709026989728,0.6948639466404354,0.6078703510458108,0.7571711692917492,1960,4044,368,3215
C2 Low-cost hybrid,train_and_test,202,0.3,9587,3583,0.37373526650672784,0.4803548795944233,0.8462182528607313,0.6128347650328448,0.6499578939187067,0.47615073237056765,0.47644421604687087,0.6583915719203087,2724,3280,551,3032
C2 Low-cost hybrid,test_only,202,0.3,9587,3583,0.37373526650672784,0.48561872909698994,0.8104939994418086,0.6073407926382934,0.649084441426434,0.47769226926477093,0.47800726002207417,0.6237613434859706,2928,3076,679,2904
C3 Sensor-rich,train_and_test,202,0.3,9587,3583,0.37373526650672784,0.5600582382916768,0.6441529444599498,0.5991692627206646,0.6710937940154512,0.5468253120761535,0.5471138115135356,0.429852925837071,4191,1813,1275,2308
C3 Sensor-rich,test_only,202,0.3,9587,3583,0.37373526650672784,0.5304208600182982,0.6472229974881384,0.583029541169076,0.652642144979912,0.5317688099817109,0.5320714125495531,0.45603421299676644,3951,2053,1264,2319
C1 Soil-only,train_and_test,202,0.5,9587,3583,0.37373526650672784,0.4198811179967118,0.9265978230533073,0.577893820713664,0.5813035750842819,0.6343796704229422,0.5495601235782177,0.8247626994888912,1417,4587,263,3320
C1 Soil-only,test_only,202,0.5,9587,3583,0.37373526650672784,0.4182940657679224,0.9265978230533073,0.5763888888888888,0.5788052406405777,0.6692839186567386,0.5461782492208567,0.8278919369980181,1387,4617,263,3320
C2 Low-cost hybrid,train_and_test,202,0.5,9587,3583,0.37373526650672784,0.4683679706601467,0.8554284119452973,0.6053125308581021,0.637990688317752,0.45955618836389034,0.4598627156189005,0.6825910086575571,2525,3479,518,3065
C2 Low-cost hybrid,test_only,202,0.5,9587,3583,0.37373526650672784,0.46013878180416345,0.8328216578286353,0.5927691696464045,0.6248551993340379,0.4560881911418669,0.4563937612181303,0.6764368415562741,2503,3501,599,2984
C3 Sensor-rich,train_and_test,202,0.5,9587,3583,0.37373526650672784,0.5231037489102005,0.8372871895060006,0.6439150032195751,0.6908787713019676,0.5442151721787093,0.5445260810999789,0.5982059038281006,3269,2735,583,3000
C3 Sensor-rich,test_only,202,0.5,9587,3583,0.37373526650672784,0.5089336091781079,0.7552330449344125,0.6080898876404495,0.660178148050151,0.5179479642742961,0.5182720850176918,0.5546051945342652,3393,2611,877,2706
C1 Soil-only,train_and_test,202,0.7,9587,3583,0.37373526650672784,0.40247058823529414,0.954786491766676,0.5662501034511297,0.5544252245642174,0.6734553879541348,0.4977740618239976,0.8866172942526338,925,5079,162,3421
C1 Soil-only,test_only,202,0.7,9587,3583,0.37373526650672784,0.39953325554259045,0.955623778956182,0.5634822677528183,0.5492642545680311,0.6524667682897614,0.48467901088373644,0.8939188484405967,858,5146,159,3424
C2 Low-cost hybrid,train_and_test,202,0.7,9587,3583,0.37373526650672784,0.4342247433819557,0.8972927714205973,0.5852370983890052,0.5997956195544025,0.4453500246614252,0.44565941122546565,0.7722958172525295,1815,4189,368,3215
C2 Low-cost hybrid,test_only,202,0.7,9587,3583,0.37373526650672784,0.4404487917146145,0.8545911247557912,0.5813004271476032,0.6033448628442514,0.4415001436474044,0.4418335527748435,0.7251486387816836,2114,3890,521,3062
C3 Sensor-rich,train_and_test,202,0.7,9587,3583,0.37373526650672784,0.5073891625615764,0.8624058051911806,0.6388917605706605,0.6813694582251706,0.5144886808430664,0.5148467316398713,0.6352352143527694,3004,3000,493,3090
C3 Sensor-rich,test_only,202,0.7,9587,3583,0.37373526650672784,0.48533888799871816,0.8453809656712252,0.6166530944625407,0.6552021417296833,0.4983222090056496,0.4986464991379679,0.650985709815375,2792,3212,554,3029
C1 Soil-only,train_and_test,303,0.0,9587,3583,0.37373526650672784,0.4849302030456853,0.8531956461066146,0.6183877819358754,0.656194758429723,0.7361756688415536,0.6977817916080838,0.6575571085845415,2757,3247,526,3057
C1 Soil-only,test_only,303,0.0,9587,3583,0.37373526650672784,0.4849302030456853,0.8531956461066146,0.6183877819358754,0.656194758429723,0.7361756688415536,0.6977817916080838,0.6575571085845415,2757,3247,526,3057
C2 Low-cost hybrid,train_and_test,303,0.0,9587,3583,0.37373526650672784,0.5265444927262422,0.7778397990510745,0.62798557908968,0.6802256956614466,0.5158101026066638,0.5161555074470779,0.5521018045269636,3498,2506,796,2787
C2 Low-cost hybrid,test_only,303,0.0,9587,3583,0.37373526650672784,0.5265444927262422,0.7778397990510745,0.62798557908968,0.6802256956614466,0.5158101026066638,0.5161555074470779,0.5521018045269636,3498,2506,796,2787
C3 Sensor-rich,train_and_test,303,0.0,9587,3583,0.37373526650672784,0.548410146480886,0.428411945297237,0.4810404261986838,0.6089428147538817,0.5404739410834808,0.5408234622770858,0.29195785960154375,4740,1264,2048,1535
C3 Sensor-rich,test_only,303,0.0,9587,3583,0.37373526650672784,0.548410146480886,0.428411945297237,0.4810404261986838,0.6089428147538817,0.5404739410834808,0.5408234622770858,0.29195785960154375,4740,1264,2048,1535
C1 Soil-only,train_and_test,303,0.1,9587,3583,0.37373526650672784,0.4653376971139542,0.8730114429249233,0.6070839398350315,0.6372052551066988,0.7446280282929418,0.6893483113439081,0.7011578178783769,2410,3594,455,3128
C1 Soil-only,test_only,303,0.1,9587,3583,0.37373526650672784,0.4707390648567119,0.8710577728160759,0.6111818270831293,0.643307034309437,0.7260128388281737,0.6726226274811412,0.6915614895170543,2495,3509,462,3121
C2 Low-cost hybrid,train_and_test,303,0.1,9587,3583,0.37373526650672784,0.5110663983903421,0.7797934691599219,0.6174585635359116,0.6672951356459169,0.5058924116297802,0.5061869410551062,0.5702513820798999,3331,2673,789,2794
C2 Low-cost hybrid,test_only,303,0.1,9587,3583,0.37373526650672784,0.5127279292291027,0.7926318727323471,0.6226704670028502,0.671549114247586,0.5052950750979451,0.5056290747975487,0.5777615521018046,3305,2699,743,2840
C3 Sensor-rich,train_and_test,303,0.1,9587,3583,0.37373526650672784,0.5512899262899262,0.5009768350544237,0.5249305454013745,0.6288195301188175,0.538092067630934,0.5384356982979008,0.3396265776572442,4543,1461,1788,1795
C3 Sensor-rich,test_only,303,0.1,9587,3583,0.37373526650672784,0.5489245683126326,0.5057214624616243,0.52643811737362,0.6288600650082938,0.5367522292804707,0.5370828422710621,0.3443204339209346,4515,1489,1771,1812
C1 Soil-only,train_and_test,303,0.3,9587,3583,0.37373526650672784,0.44360696176510894,0.9034328774769746,0.5950367647058824,0.6136085106905194,0.7199582760503289,0.6343831312396849,0.7611348701366434,1944,4060,346,3237
C1 Soil-only,test_only,303,0.3,9587,3583,0.37373526650672784,0.4430899876729215,0.9028746860173039,0.5944505696435134,0.6128297480719431,0.6975234278246477,0.6110026756118935,0.7615521018045269,1938,4066,348,3235
C2 Low-cost hybrid,train_and_test,303,0.3,9587,3583,0.37373526650672784,0.47874756651524986,0.8236114987440692,0.6055196470708936,0.6442341304513151,0.47892369075618924,0.479237278852796,0.6429540002086158,2791,3213,632,2951
C2 Low-cost hybrid,test_only,303,0.3,9587,3583,0.37373526650672784,0.4858569051580699,0.8149595311191739,0.6087772333993537,0.6501513178580546,0.4824628336496699,0.48279073090206254,0.6268905809950975,2914,3090,663,2920
C3 Sensor-rich,train_and_test,303,0.3,9587,3583,0.37373526650672784,0.5615838984904835,0.7164387384873011,0.6296296296296297,0.6913306284042102,0.5506180169802113,0.5509908524635772,0.4767914884739752,4000,2004,1016,2567
C3 Sensor-rich,test_only,303,0.3,9587,3583,0.37373526650672784,0.531651376146789,0.6469439017583031,0.5836585672919552,0.6534186530776859,0.5295101790646535,0.5298062145387151,0.4547825179931157,3962,2042,1265,2318
C1 Soil-only,train_and_test,303,0.5,9587,3583,0.37373526650672784,0.41909914443885254,0.9296678760814959,0.577746943023155,0.580340267154672,0.6871816692032697,0.5677970679406822,0.829039324084698,1387,4617,252,3331
C1 Soil-only,test_only,303,0.5,9587,3583,0.37373526650672784,0.4185403843738224,0.9299469718113312,0.5772695772695773,0.5794804812421079,0.6697243093958237,0.5484287052038674,0.8303953270053197,1375,4629,251,3332
C2 Low-cost hybrid,train_and_test,303,0.5,9587,3583,0.37373526650672784,0.4425295541945592,0.8671504325983812,0.5860052810260279,0.607625849210583,0.4580692587542513,0.4583854257728909,0.7323458850526755,2090,3914,476,3107
C2 Low-cost hybrid,test_only,303,0.5,9587,3583,0.37373526650672784,0.46231928637342357,0.8389617638850125,0.5961328705999008,0.6283416414361771,0.46190026222226915,0.46222049247328945,0.6782100761447794,2508,3496,577,3006
C3 Sensor-rich,train_and_test,303,0.5,9587,3583,0.37373526650672784,0.5323243647234679,0.7951437343008652,0.6377168438724119,0.6891274967307124,0.5624329160011041,0.5626902454061591,0.5582559716282466,3501,2503,734,2849
C3 Sensor-rich,test_only,303,0.5,9587,3583,0.37373526650672784,0.5102694554362163,0.7557912363940832,0.6092238470191226,0.6614565775574679,0.5203856517786298,0.520684991643637,0.5535621153645561,3405,2599,875,2708
C1 Soil-only,train_and_test,303,0.7,9587,3583,0.37373526650672784,0.39888618169161155,0.9595311191738767,0.5635141780036059,0.5483032011592235,0.6379419203137023,0.4922346058694237,0.8990299363721707,823,5181,145,3438
C1 Soil-only,test_only,303,0.7,9587,3583,0.37373526650672784,0.39823829392675014,0.958972927714206,0.562771271804111,0.5471080494666966,0.6429803198960137,0.47931677191335703,0.8999687076249088,812,5192,147,3436
C2 Low-cost hybrid,train_and_test,303,0.7,9587,3583,0.37373526650672784,0.4207140981885009,0.8945018141222439,0.5722703330059816,0.5797459103922346,0.44082763818252074,0.4411808350052787,0.7946177114843016,1591,4413,378,3205
C2 Low-cost hybrid,test_only,303,0.7,9587,3583,0.37373526650672784,0.44165711009174313,0.8598939436226626,0.5835779903399944,0.6055798832037363,0.44666669147609694,0.44699969667090467,0.727652028788985,2109,3895,502,3081
C3 Sensor-rich,train_and_test,303,0.7,9587,3583,0.37373526650672784,0.486343062275636,0.8696622941668992,0.6238238238238238,0.6607638586090991,0.5173243839022101,0.5176783062341338,0.6683008240325441,2713,3291,467,3116
C3 Sensor-rich,test_only,303,0.7,9587,3583,0.37373526650672784,0.48536036036036034,0.8420318169132013,0.6157771201142974,0.654610178942943,0.5058312362131995,0.5062116347862236,0.6483780118911026,2805,3199,566,3017
C1 Soil-only,train_and_test,404,0.0,9587,3583,0.37373526650672784,0.4849302030456853,0.8531956461066146,0.6183877819358754,0.656194758429723,0.7361756688415536,0.6977817916080838,0.6575571085845415,2757,3247,526,3057
C1 Soil-only,test_only,404,0.0,9587,3583,0.37373526650672784,0.4849302030456853,0.8531956461066146,0.6183877819358754,0.656194758429723,0.7361756688415536,0.6977817916080838,0.6575571085845415,2757,3247,526,3057
C2 Low-cost hybrid,train_and_test,404,0.0,9587,3583,0.37373526650672784,0.5265444927262422,0.7778397990510745,0.62798557908968,0.6802256956614466,0.5158101026066638,0.5161555074470779,0.5521018045269636,3498,2506,796,2787
C2 Low-cost hybrid,test_only,404,0.0,9587,3583,0.37373526650672784,0.5265444927262422,0.7778397990510745,0.62798557908968,0.6802256956614466,0.5158101026066638,0.5161555074470779,0.5521018045269636,3498,2506,796,2787
C3 Sensor-rich,train_and_test,404,0.0,9587,3583,0.37373526650672784,0.548410146480886,0.428411945297237,0.4810404261986838,0.6089428147538817,0.5404739410834808,0.5408234622770858,0.29195785960154375,4740,1264,2048,1535
C3 Sensor-rich,test_only,404,0.0,9587,3583,0.37373526650672784,0.548410146480886,0.428411945297237,0.4810404261986838,0.6089428147538817,0.5404739410834808,0.5408234622770858,0.29195785960154375,4740,1264,2048,1535
C1 Soil-only,train_and_test,404,0.1,9587,3583,0.37373526650672784,0.4787052810902896,0.8626849009210159,0.6157370517928287,0.651029325876897,0.7186806538978909,0.6691303196479816,0.673516219881089,2638,3366,492,3091
C1 Soil-only,test_only,404,0.1,9587,3583,0.37373526650672784,0.46770298822819195,0.8649176667596986,0.6071113723185425,0.6387379806150258,0.723656186419075,0.6711268290017391,0.6911442578491708,2477,3527,484,3099
C2 Low-cost hybrid,train_and_test,404,0.1,9587,3583,0.37373526650672784,0.49623922216107136,0.7549539492045771,0.5988487934469781,0.6487960951885644,0.4954501878189045,0.495771356396899,0.5685824554083655,3258,2746,878,2705
C2 Low-cost hybrid,test_only,404,0.1,9587,3583,0.37373526650672784,0.5124206708975522,0.7887245325146526,0.6212354363596395,0.67042822228664,0.5025616679036027,0.502893137632343,0.575258162094503,3315,2689,757,2826
C3 Sensor-rich,train_and_test,404,0.1,9587,3583,0.37373526650672784,0.5571172248803827,0.5199553446832264,0.537895192724123,0.636643228637416,0.5624527497618648,0.5627474097745679,0.3488056743506832,4523,1481,1720,1863
C3 Sensor-rich,test_only,404,0.1,9587,3583,0.37373526650672784,0.5445695162762397,0.499581356405247,0.5211062590975255,0.625123789461784,0.539408686885011,0.5397414153047133,0.342860123083342,4507,1497,1793,1790
C1 Soil-only,train_and_test,404,0.3,9587,3583,0.37373526650672784,0.44794290512174645,0.8933854312029026,0.5967005312703887,0.6181617362543493,0.7326397095690976,0.6344999172781325,0.7453843746740377,2059,3945,382,3201
C1 Soil-only,test_only,404,0.3,9587,3583,0.37373526650672784,0.4388607421607559,0.8945018141222439,0.5888296895094617,0.6059784220511286,0.6953669524829128,0.6072406672304881,0.7617607176384688,1906,4098,378,3205
C2 Low-cost hybrid,train_and_test,404,0.3,9587,3583,0.37373526650672784,0.4961152476529621,0.8554284119452973,0.628009425263805,0.6684703685309431,0.49809998926566745,0.4984612032180414,0.6444143110462084,2891,3113,518,3065
C2 Low-cost hybrid,test_only,404,0.3,9587,3583,0.37373526650672784,0.485,0.8121685738208205,0.6073254721903371,0.6487558392088779,0.47891858776406226,0.4792357451525027,0.6258475018253885,2914,3090,673,2910
C3 Sensor-rich,train_and_test,404,0.3,9587,3583,0.37373526650672784,0.5671797547612836,0.6067541166620151,0.5862998921251349,0.6652191635941654,0.5733853762733716,0.5737064300592687,0.3998122457494524,4345,1659,1409,2174
C3 Sensor-rich,test_only,404,0.3,9587,3583,0.37373526650672784,0.5310086590217645,0.6332682109963718,0.5776476578411406,0.6497453646587454,0.535615802907845,0.535913450192812,0.44570772921664753,4000,2004,1314,2269
C1 Soil-only,train_and_test,404,0.5,9587,3583,0.37373526650672784,0.42687645086407017,0.923806865754954,0.5839287289406369,0.5918168239500953,0.7174650036349874,0.5646643005935309,0.8088035881923438,1560,4444,273,3310
C1 Soil-only,test_only,404,0.5,9587,3583,0.37373526650672784,0.41607120471355147,0.926318727323472,0.5742214532871972,0.5752513023692643,0.664694372552417,0.5408705823713197,0.8320642536768541,1346,4658,264,3319
C2 Low-cost hybrid,train_and_test,404,0.5,9587,3583,0.37373526650672784,0.458592132505176,0.8654758582193692,0.5995166747220879,0.6278578491629825,0.47234199070109484,0.4726849069587019,0.7053301345572129,2343,3661,482,3101
C2 Low-cost hybrid,test_only,404,0.5,9587,3583,0.37373526650672784,0.46184615384615385,0.8378453809656712,0.5954577010810275,0.6276168943469262,0.46300133026055157,0.46323962743004476,0.6780014603108376,2506,3498,581,3002
C3 Sensor-rich,train_and_test,404,0.5,9587,3583,0.37373526650672784,0.5337999631608031,0.8088194250627966,0.6431424766977364,0.6936335632975542,0.5468183955668362,0.5471714755135012,0.5662876812350057,3473,2531,685,2898
C3 Sensor-rich,test_only,404,0.5,9587,3583,0.37373526650672784,0.5088712721781804,0.7524420876360591,0.6071388357166986,0.6595321697340855,0.5221720188893189,0.522496938293671,0.5526233441118181,3402,2602,887,2696
C1 Soil-only,train_and_test,404,0.7,9587,3583,0.37373526650672784,0.4046385684012244,0.9592520234440413,0.5691810880185476,0.5584901023282831,0.673337207861811,0.4908423542188476,0.8859914467508084,947,5057,146,3437
C1 Soil-only,test_only,404,0.7,9587,3583,0.37373526650672784,0.3987943426849061,0.9600893106335473,0.5635187157015317,0.5481659078151081,0.627401368131667,0.4738655361514974,0.8997600917909669,818,5186,143,3440
C2 Low-cost hybrid,train_and_test,404,0.7,9587,3583,0.37373526650672784,0.4235024284943335,0.8760814959531119,0.5709868121873579,0.5821946453782881,0.4341427256409929,0.4344819984338117,0.7731302805882967,1731,4273,444,3139
C2 Low-cost hybrid,test_only,404,0.7,9587,3583,0.37373526650672784,0.4442684331797235,0.8610103265420039,0.5861119027263227,0.6091360759958521,0.447341684549886,0.4475947195192803,0.7243141754459164,2145,3859,498,3085
C3 Sensor-rich,train_and_test,404,0.7,9587,3583,0.37373526650672784,0.5021551724137931,0.8453809656712252,0.6300572022880915,0.6726072050208225,0.5298910773336967,0.5302643361546157,0.6291853551684573,3001,3003,554,3029
C3 Sensor-rich,test_only,404,0.7,9587,3583,0.37373526650672784,0.48835715432792676,0.8487301144292493,0.6199796126401631,0.659041939293239,0.5064393943952749,0.5067869042569649,0.6495253989777824,2818,3186,542,3041
C1 Soil-only,train_and_test,505,0.0,9587,3583,0.37373526650672784,0.4849302030456853,0.8531956461066146,0.6183877819358754,0.656194758429723,0.7361756688415536,0.6977817916080838,0.6575571085845415,2757,3247,526,3057
C1 Soil-only,test_only,505,0.0,9587,3583,0.37373526650672784,0.4849302030456853,0.8531956461066146,0.6183877819358754,0.656194758429723,0.7361756688415536,0.6977817916080838,0.6575571085845415,2757,3247,526,3057
C2 Low-cost hybrid,train_and_test,505,0.0,9587,3583,0.37373526650672784,0.5265444927262422,0.7778397990510745,0.62798557908968,0.6802256956614466,0.5158101026066638,0.5161555074470779,0.5521018045269636,3498,2506,796,2787
C2 Low-cost hybrid,test_only,505,0.0,9587,3583,0.37373526650672784,0.5265444927262422,0.7778397990510745,0.62798557908968,0.6802256956614466,0.5158101026066638,0.5161555074470779,0.5521018045269636,3498,2506,796,2787
C3 Sensor-rich,train_and_test,505,0.0,9587,3583,0.37373526650672784,0.548410146480886,0.428411945297237,0.4810404261986838,0.6089428147538817,0.5404739410834808,0.5408234622770858,0.29195785960154375,4740,1264,2048,1535
C3 Sensor-rich,test_only,505,0.0,9587,3583,0.37373526650672784,0.548410146480886,0.428411945297237,0.4810404261986838,0.6089428147538817,0.5404739410834808,0.5408234622770858,0.29195785960154375,4740,1264,2048,1535
C1 Soil-only,train_and_test,505,0.1,9587,3583,0.37373526650672784,0.46943691659138814,0.87022048562657,0.6098777506112469,0.641639223492832,0.7217853957779238,0.6722896067028674,0.6928131845207052,2480,3524,465,3118
C1 Soil-only,test_only,505,0.1,9587,3583,0.37373526650672784,0.4700558153567657,0.8696622941668992,0.6102624363493929,0.6422761837256881,0.7246792757886122,0.6695444863383608,0.6914571816000834,2491,3513,467,3116
C2 Low-cost hybrid,train_and_test,505,0.1,9587,3583,0.37373526650672784,0.49398443029016276,0.7792352777002511,0.6046561992420141,0.6514430885503255,0.5001713899964445,0.5004908721058289,0.5895483467195161,3144,2860,791,2792
C2 Low-cost hybrid,test_only,505,0.1,9587,3583,0.37373526650672784,0.5112877009210764,0.7901200111638292,0.6208333333333333,0.669710238759796,0.5026113036376048,0.5029433459331957,0.5775529362678627,3298,2706,752,2831
C3 Sensor-rich,train_and_test,505,0.1,9587,3583,0.37373526650672784,0.5694315004659832,0.5115824727881664,0.5389591296677447,0.6403681850949493,0.5714054834363583,0.5718575576803983,0.33576718472932093,4618,1386,1750,1833
C3 Sensor-rich,test_only,505,0.1,9587,3583,0.37373526650672784,0.5468607825295724,0.5032096008931063,0.5241279069767442,0.6271877451500841,0.5381296072190775,0.5384432402103339,0.343903202253051,4510,1494,1780,1803
C1 Soil-only,train_and_test,505,0.3,9587,3583,0.37373526650672784,0.44400274160383824,0.9039910689366453,0.595513881228167,0.6142207176795151,0.6766176469339803,0.6032993560499168,0.7609262543027016,1948,4056,344,3239
C1 Soil-only,test_only,505,0.3,9587,3583,0.37373526650672784,0.44329193394295074,0.9065029305051633,0.595417048579285,0.613561258723601,0.7088831108023665,0.6174275668104786,0.7642641076457704,1925,4079,335,3248
C2 Low-cost hybrid,train_and_test,505,0.3,9587,3583,0.37373526650672784,0.48565338580095097,0.8266815517722579,0.6118570543276183,0.65209827088946,0.4860564104957074,0.4862952137229419,0.6361739856055074,2867,3137,621,2962
C2 Low-cost hybrid,test_only,505,0.3,9587,3583,0.37373526650672784,0.48583733642537685,0.8185877756070332,0.6097713097713098,0.6507995506949223,0.4809882333629534,0.4812492301381195,0.6297068947533118,2900,3104,650,2933
C3 Sensor-rich,train_and_test,505,0.3,9587,3583,0.37373526650672784,0.5893655049151028,0.7362545353056098,0.6546717955081276,0.7150626440685277,0.579983995972195,0.5803068204199563,0.46688223636173987,4166,1838,945,2638
C3 Sensor-rich,test_only,505,0.3,9587,3583,0.37373526650672784,0.5308584686774942,0.6385710298632431,0.5797542125934372,0.6508977734259587,0.5274612568995263,0.5277941026466786,0.4495671221445708,3982,2022,1295,2288
C1 Soil-only,train_and_test,505,0.5,9587,3583,0.37373526650672784,0.41844684594119125,0.9293887803516606,0.5770730439303353,0.5792846633270629,0.6543474822645947,0.5409931932251614,0.830082403254407,1376,4628,253,3330
C1 Soil-only,test_only,505,0.5,9587,3583,0.37373526650672784,0.4176898020546229,0.930505163271002,0.5765672287073065,0.5781772984909307,0.6815934062916164,0.5511863626967267,0.8325857932617086,1356,4648,249,3334
C2 Low-cost hybrid,train_and_test,505,0.5,9587,3583,0.37373526650672784,0.44917517674783974,0.7979346915992185,0.5747889022919179,0.6069953271453787,0.45765481711494965,0.45788529674395195,0.6639198915197664,2498,3506,724,2859
C2 Low-cost hybrid,test_only,505,0.5,9587,3583,0.37373526650672784,0.45920710240318385,0.8372871895060006,0.5931198102016607,0.624423075099436,0.45944065220838226,0.4596713605721352,0.6814436215708772,2471,3533,583,3000
C3 Sensor-rich,train_and_test,505,0.5,9587,3583,0.37373526650672784,0.5538865940668419,0.8233324030142338,0.6622516556291391,0.7137981135657445,0.5759731488478026,0.576219994689303,0.5555439657870033,3628,2376,633,2950
C3 Sensor-rich,test_only,505,0.5,9587,3583,0.37373526650672784,0.5099187606272435,0.7532793748255652,0.6081568273997296,0.6606170358471597,0.5174311131728311,0.5177472383301827,0.5521018045269636,3410,2594,884,2699
C1 Soil-only,train_and_test,505,0.7,9587,3583,0.37373526650672784,0.40236755743084857,0.9581356405247,0.5667354519191086,0.5544342426474266,0.6135072413213449,0.49117217330131535,0.8899551475957025,905,5099,150,3433
C1 Soil-only,test_only,505,0.7,9587,3583,0.37373526650672784,0.3987929433611885,0.958972927714206,0.5633248626936634,0.5481073832441783,0.6612800343779546,0.48810009043712493,0.8987170126212579,824,5180,147,3436
C2 Low-cost hybrid,train_and_test,505,0.7,9587,3583,0.37373526650672784,0.4379594236989121,0.8314261791794586,0.5737120847376023,0.5973420036470245,0.43569404062647554,0.436019696988739,0.7095024512360488,2181,3823,604,2979
C2 Low-cost hybrid,test_only,505,0.7,9587,3583,0.37373526650672784,0.4397487150199886,0.8596148478928273,0.5818456597714178,0.6030252787099046,0.44366527134131184,0.4438949550453998,0.7305726504641702,2080,3924,503,3080
C3 Sensor-rich,train_and_test,505,0.7,9587,3583,0.37373526650672784,0.49726600192988096,0.8629639966508512,0.6309560248954188,0.6711555492914483,0.5052812074412287,0.5056823655991751,0.6485866277250444,2878,3126,491,3092
C3 Sensor-rich,test_only,505,0.7,9587,3583,0.37373526650672784,0.4843373493975904,0.8414736254535305,0.6148042414355628,0.6534150272504162,0.5015342993521614,0.5018850622092593,0.6493167831438407,2794,3210,568,3015
