seed,rate,split,feature,observed_before,newly_masked,realized_additional_rate
101,0.0,train,soil_moisture,1363,0,0.0
101,0.0,train,ec,2051,0,0.0
101,0.0,train,ph,5259,0,0.0
101,0.0,test,soil_moisture,5793,0,0.0
101,0.0,test,ec,6203,0,0.0
101,0.0,test,ph,8974,0,0.0
101,0.1,train,soil_moisture,1363,130,0.09537784299339692
101,0.1,train,ec,2051,227,0.1106777181862506
101,0.1,train,ph,5259,553,0.10515307092603156
101,0.1,test,soil_moisture,5793,590,0.10184705679268082
101,0.1,test,ec,6203,566,0.09124617120748026
101,0.1,test,ph,8974,915,0.1019612213059951
101,0.3,train,soil_moisture,1363,407,0.29860601614086574
101,0.3,train,ec,2051,611,0.2979034617259873
101,0.3,train,ph,5259,1629,0.3097547062179121
101,0.3,test,soil_moisture,5793,1764,0.30450543759709997
101,0.3,test,ec,6203,1865,0.30066097049814605
101,0.3,test,ph,8974,2597,0.28939157566302653
101,0.5,train,soil_moisture,1363,684,0.5018341892883346
101,0.5,train,ec,2051,1029,0.5017064846416383
101,0.5,train,ph,5259,2637,0.5014261266400456
101,0.5,test,soil_moisture,5793,2927,0.5052649749697912
101,0.5,test,ec,6203,3081,0.4966951475092697
101,0.5,test,ph,8974,4408,0.491196790728772
101,0.7,train,soil_moisture,1363,961,0.7050623624358033
101,0.7,train,ec,2051,1459,0.711360312042906
101,0.7,train,ph,5259,3649,0.6938581479368702
101,0.7,test,soil_moisture,5793,4025,0.6948040738822717
101,0.7,test,ec,6203,4284,0.6906335644043204
101,0.7,test,ph,8974,6262,0.6977936260307556
202,0.0,train,soil_moisture,1363,0,0.0
202,0.0,train,ec,2051,0,0.0
202,0.0,train,ph,5259,0,0.0
202,0.0,test,soil_moisture,5793,0,0.0
202,0.0,test,ec,6203,0,0.0
202,0.0,test,ph,8974,0,0.0
202,0.1,train,soil_moisture,1363,130,0.09537784299339692
202,0.1,train,ec,2051,206,0.10043881033642126
202,0.1,train,ph,5259,513,0.0975470621791215
202,0.1,test,soil_moisture,5793,562,0.09701363714828241
202,0.1,test,ec,6203,654,0.10543285507012735
202,0.1,test,ph,8974,918,0.10229552039224427
202,0.3,train,soil_moisture,1363,384,0.2817314746881878
202,0.3,train,ec,2051,611,0.2979034617259873
202,0.3,train,ph,5259,1604,0.30500095075109335
202,0.3,test,soil_moisture,5793,1724,0.2976005523908165
202,0.3,test,ec,6203,1878,0.3027567306142189
202,0.3,test,ph,8974,2747,0.3061065299754847
202,0.5,train,soil_moisture,1363,655,0.4805575935436537
202,0.5,train,ec,2051,1038,0.5060945880058508
202,0.5,train,ph,5259,2632,0.5004753755466819
202,0.5,test,soil_moisture,5793,2887,0.4983600897635077
202,0.5,test,ec,6203,3099,0.49959696920844754
202,0.5,test,ph,8974,4494,0.500780031201248
202,0.7,train,soil_moisture,1363,924,0.677916360968452
202,0.7,train,ec,2051,1434,0.6991711360312043
202,0.7,train,ph,5259,3742,0.711542118273436
202,0.7,test,soil_moisture,5793,4022,0.6942862074918005
202,0.7,test,ec,6203,4339,0.6995002418184749
202,0.7,test,ph,8974,6286,0.7004680187207488
303,0.0,train,soil_moisture,1363,0,0.0
303,0.0,train,ec,2051,0,0.0
303,0.0,train,ph,5259,0,0.0
303,0.0,test,soil_moisture,5793,0,0.0
303,0.0,test,ec,6203,0,0.0
303,0.0,test,ph,8974,0,0.0
303,0.1,train,soil_moisture,1363,125,0.09170946441672781
303,0.1,train,ec,2051,195,0.09507557289127255
303,0.1,train,ph,5259,538,0.10230081764594029
303,0.1,test,soil_moisture,5793,559,0.09649577075781116
303,0.1,test,ec,6203,645,0.10398194422053846
303,0.1,test,ph,8974,887,0.0988410965010029
303,0.3,train,soil_moisture,1363,384,0.2817314746881878
303,0.3,train,ec,2051,603,0.2940029254022428
303,0.3,train,ph,5259,1586,0.30157824681498385
303,0.3,test,soil_moisture,5793,1744,0.3010529949939582
303,0.3,test,ec,6203,1922,0.3098500725455425
303,0.3,test,ph,8974,2644,0.29462892801426344
303,0.5,train,soil_moisture,1363,666,0.4886280264123258
303,0.5,train,ec,2051,1004,0.48951730862993664
303,0.5,train,ph,5259,2676,0.5088419851682829
303,0.5,test,soil_moisture,5793,2888,0.49853271189366477
303,0.5,test,ec,6203,3152,0.50814122198936
303,0.5,test,ph,8974,4399,0.4901938934700245
303,0.7,train,soil_moisture,1363,922,0.6764490095377843
303,0.7,train,ec,2051,1410,0.6874695270599708
303,0.7,train,ph,5259,3761,0.7151549724282182
303,0.7,test,soil_moisture,5793,4081,0.7044709131710686
303,0.7,test,ec,6203,4391,0.7078832822827664
303,0.7,test,ph,8974,6223,0.6934477379095164
404,0.0,train,soil_moisture,1363,0,0.0
404,0.0,train,ec,2051,0,0.0
404,0.0,train,ph,5259,0,0.0
404,0.0,test,soil_moisture,5793,0,0.0
404,0.0,test,ec,6203,0,0.0
404,0.0,test,ph,8974,0,0.0
404,0.1,train,soil_moisture,1363,130,0.09537784299339692
404,0.1,train,ec,2051,196,0.09556313993174062
404,0.1,train,ph,5259,536,0.1019205172085948
404,0.1,test,soil_moisture,5793,540,0.09321595028482652
404,0.1,test,ec,6203,645,0.10398194422053846
404,0.1,test,ph,8974,906,0.10095832404724761
404,0.3,train,soil_moisture,1363,416,0.30520909757887016
404,0.3,train,ec,2051,602,0.2935153583617747
404,0.3,train,ph,5259,1517,0.288457881726564
404,0.3,test,soil_moisture,5793,1748,0.3017434835145866
404,0.3,test,ec,6203,1899,0.3061421892632597
404,0.3,test,ph,8974,2728,0.30398930242924005
404,0.5,train,soil_moisture,1363,697,0.5113719735876743
404,0.5,train,ec,2051,1017,0.49585568015602144
404,0.5,train,ph,5259,2595,0.4934398174557901
404,0.5,test,soil_moisture,5793,2938,0.507163818401519
404,0.5,test,ec,6203,3103,0.5002418184749314
404,0.5,test,ph,8974,4515,0.5031201248049922
404,0.7,train,soil_moisture,1363,957,0.7021276595744681
404,0.7,train,ec,2051,1424,0.6942954656265237
404,0.7,train,ph,5259,3658,0.6955694999049249
404,0.7,test,soil_moisture,5793,4085,0.7051614016916968
404,0.7,test,ec,6203,4345,0.7004675157182009
404,0.7,test,ph,8974,6302,0.7022509471807443
505,0.0,train,soil_moisture,1363,0,0.0
505,0.0,train,ec,2051,0,0.0
505,0.0,train,ph,5259,0,0.0
505,0.0,test,soil_moisture,5793,0,0.0
505,0.0,test,ec,6203,0,0.0
505,0.0,test,ph,8974,0,0.0
505,0.1,train,soil_moisture,1363,131,0.09611151870873075
505,0.1,train,ec,2051,228,0.11116528522671867
505,0.1,train,ph,5259,501,0.09526525955504848
505,0.1,test,soil_moisture,5793,594,0.10253754531330916
505,0.1,test,ec,6203,595,0.09592132838948896
505,0.1,test,ph,8974,877,0.09772676621350568
505,0.3,train,soil_moisture,1363,403,0.29567131327953045
505,0.3,train,ec,2051,648,0.3159434422233057
505,0.3,train,ph,5259,1592,0.30271914812702033
505,0.3,test,soil_moisture,5793,1774,0.3062316588986708
505,0.3,test,ec,6203,1829,0.2948573270997904
505,0.3,test,ph,8974,2731,0.3043236015154892
505,0.5,train,soil_moisture,1363,668,0.4900953778429934
505,0.5,train,ec,2051,1047,0.5104826913700634
505,0.5,train,ph,5259,2602,0.49477086898649936
505,0.5,test,soil_moisture,5793,2938,0.507163818401519
505,0.5,test,ec,6203,3048,0.49137514106077707
505,0.5,test,ph,8974,4499,0.5013371963449966
505,0.7,train,soil_moisture,1363,957,0.7021276595744681
505,0.7,train,ec,2051,1455,0.7094100438810337
505,0.7,train,ph,5259,3655,0.6949990492489067
505,0.7,test,soil_moisture,5793,4047,0.6986017607457276
505,0.7,test,ec,6203,4336,0.699016604868612
505,0.7,test,ph,8974,6333,0.7057053710719857
