configuration,scenario,rate,Precision_mean,Precision_std,Recall_mean,Recall_std,F1_mean,F1_std,Balanced_Accuracy_mean,Balanced_Accuracy_std,PR_AUC_mean,PR_AUC_std,Average_Precision_mean,Average_Precision_std,predicted_positive_rate_mean,predicted_positive_rate_std
C1 Soil-only,test_only,0.0,0.4849302030456853,0.0,0.8531956461066146,0.0,0.6183877819358754,0.0,0.656194758429723,0.0,0.7361756688415536,0.0,0.6977817916080838,0.0,0.6575571085845415,0.0
C1 Soil-only,test_only,0.1,0.4689333980449084,0.0014865292061647505,0.867820262349986,0.002500984294414701,0.6088628489669039,0.0018450402827946092,0.6406556341729943,0.002137568620721115,0.7247233111154096,0.0012366721052326712,0.6709995503296454,0.001104072345699016,0.6916449358506311,0.0007353523201007455
C1 Soil-only,test_only,0.3,0.44186998516983494,0.001874889875786972,0.89952553725928,0.0049887141869158266,0.5926253005267877,0.002613067452457341,0.6107387846189803,0.0030794866692273664,0.698797038596144,0.005759471813825329,0.6101540626369916,0.004355539655167895,0.7608219463857306,0.002679718906574591
C1 Soil-only,test_only,0.5,0.4182022671853865,0.0015673923665679049,0.928886408037957,0.002253600808058725,0.5767428764095486,0.0018140788537974197,0.5788502659776726,0.0026170920547333347,0.6718674960763387,0.006364772773035128,0.5463378257149153,0.0038574347777412415,0.8301241264211953,0.002282413584496926
C1 Soil-only,test_only,0.7,0.3990951179495552,0.0007334214157751059,0.9580240022327657,0.0018887998119663232,0.5634610436101812,0.0005138580343792382,0.5485989431550238,0.0012407331895433738,0.6469955233615561,0.01273660873472506,0.4815806844347607,0.005405590914144175,0.8971523938666944,0.0032301789020970323
C1 Soil-only,train_and_test,0.0,0.4849302030456853,0.0,0.8531956461066146,0.0,0.6183877819358754,0.0,0.656194758429723,0.0,0.7361756688415536,0.0,0.6977817916080838,0.0,0.6575571085845415,0.0
C1 Soil-only,train_and_test,0.1,0.46899026099983204,0.005684979380150495,0.8675411666201507,0.0041612415204429565,0.6088159730219629,0.004247864453651322,0.6405993641228668,0.006216657418813174,0.7070233314812914,0.04820929765267875,0.6651474601384676,0.02660073261258245,0.6914363200166893,0.010505469611958284
C1 Soil-only,train_and_test,0.3,0.44514503339463873,0.0017352320104498694,0.8982416969020374,0.005323344092654673,0.5952739842437873,0.0008912703662883928,0.6150269110759354,0.0018177610976772866,0.6914996335431477,0.037231626092558444,0.6148646225723511,0.01986494696915282,0.7541671012829874,0.007071969077267274
C1 Soil-only,train_and_test,0.5,0.4214741401289383,0.003502336665773934,0.9276025676807145,0.0024378976055732344,0.5795860420468137,0.0029289732536601242,0.5838379260788649,0.005240342437161832,0.6760618687898405,0.03226850645543872,0.5573110967363502,0.011502020921171115,0.8225930948158965,0.008629360622159967
C1 Soil-only,train_and_test,0.7,0.4020008323757113,0.002070214116370603,0.9575774490650293,0.002041409271326746,0.5662708130029892,0.002039739233232543,0.5537387578436406,0.003659314372839829,0.649280407759754,0.025360869052155066,0.49312372320141484,0.0028129996889574784,0.8902680713466152,0.005214352665046395
C2 Low-cost hybrid,test_only,0.0,0.5265444927262422,0.0,0.7778397990510745,0.0,0.62798557908968,0.0,0.6802256956614466,0.0,0.5158101026066638,0.0,0.5161555074470779,0.0,0.5521018045269636,0.0
C2 Low-cost hybrid,test_only,0.1,0.5111399830556007,0.0014858572031374573,0.7888361708065867,0.0027102480349004243,0.6203274907493708,0.001865060601452516,0.6693014964625872,0.0018633073166529897,0.5019770185305369,0.002381942350988569,0.5023089766073143,0.002382703090202767,0.576781057682278,0.0010048269180175289
C2 Low-cost hybrid,test_only,0.3,0.48477372750280406,0.00183205343678826,0.8122802121127547,0.005010526283005571,0.6071777433002975,0.002721116150439146,0.6485451693475166,0.0027043296149520013,0.47957737574752884,0.0020841661471502422,0.4798853615240888,0.0020786695158029277,0.6262230103264838,0.0022644669812398022
C2 Low-cost hybrid,test_only,0.5,0.4611288491203154,0.0013795987957478985,0.8362824448785933,0.0025396177875695336,0.5944653721579821,0.0014661841318959477,0.6265356261701427,0.0017704392711435457,0.4598559468481084,0.002713597977917823,0.46014313226863923,0.0026968370754910514,0.6777928444768958,0.002445125309216872
C2 Low-cost hybrid,test_only,0.7,0.44159939311283913,0.0017285370752610127,0.8576053586380128,0.0036034706718570406,0.5829973322005155,0.0019339317337909849,0.6052184021704388,0.0024415123254008077,0.4446218850288727,0.0023827432791731335,0.44492083736981874,0.0023698163450860147,0.7258162094502973,0.00347331267562607
C2 Low-cost hybrid,train_and_test,0.0,0.5265444927262422,0.0,0.7778397990510745,0.0,0.62798557908968,0.0,0.6802256956614466,0.0,0.5158101026066638,0.0,0.5161555074470779,0.0,0.5521018045269636,0.0
C2 Low-cost hybrid,train_and_test,0.1,0.5007730126418775,0.0066050826985238065,0.7814680435389338,0.027113255969474552,0.6102667355123966,0.010516559988798215,0.6582556740013124,0.00917794589648426,0.49942083760400935,0.004355204713469769,0.49973841304831906,0.004343044863745108,0.5832481485344738,0.019676023492805155
C2 Low-cost hybrid,train_and_test,0.3,0.4882075492460506,0.009529318291510576,0.8379012001116383,0.013290642978246482,0.6169076657646819,0.009792561298258836,0.6567587279705427,0.011320958857994399,0.48514881140507066,0.008516688718076404,0.48546300716242446,0.008540252938007045,0.6415562741212057,0.01192983468004314
C2 Low-cost hybrid,train_and_test,0.5,0.455551292505988,0.009953246279736337,0.8391292213229138,0.03282763790663491,0.5903131245580557,0.012127975954935486,0.6201308998020298,0.0133003783329564,0.458893110039031,0.009065348868331066,0.4592019609890422,0.009067509316064912,0.6886617294252634,0.03044571028632095
C2 Low-cost hybrid,train_and_test,0.7,0.43270391701678135,0.01079522920149219,0.8709461345241418,0.027739925371961627,0.5778967168998583,0.007726413184180224,0.5942338933779936,0.013363427990769946,0.4394245334896473,0.004520206897108341,0.4397577307266272,0.004514254191531533,0.7529154062793366,0.03822059000240381
C3 Sensor-rich,test_only,0.0,0.548410146480886,0.0,0.4284119452972369,0.0,0.48104042619868376,0.0,0.6089428147538817,0.0,0.5404739410834808,0.0,0.5408234622770858,0.0,0.29195785960154375,0.0
C3 Sensor-rich,test_only,0.1,0.5472788985044007,0.0017561516223527467,0.5023723137036004,0.00229300540401267,0.5238638566647801,0.0018922883002344107,0.6271854906292817,0.0013465315630235449,0.5370229135907328,0.0017972428486719685,0.5373488900707272,0.0017965293720695324,0.34306873891728384,0.001133074005549203
C3 Sensor-rich,test_only,0.3,0.5320878259782974,0.0025055139021226453,0.6411945297236953,0.005929060181839856,0.5815546637185388,0.002722097277003653,0.6523427678598489,0.002073359511641547,0.5304747868171462,0.003322376351157866,0.5307941370258566,0.0033021396263193323,0.45038072389694384,0.004865939171985023
C3 Sensor-rich,test_only,0.5,0.5108268762253093,0.003032621228246112,0.7550655874965113,0.0023976256315841465,0.6093832198196367,0.002849564716334333,0.6617766311899611,0.0030565443553027295,0.519963295110029,0.002191064951439056,0.520289918652351,0.002202232290579627,0.5524355898612704,0.0020028749803303082
C3 Sensor-rich,test_only,0.7,0.48636905620742005,0.0019036657586080732,0.8431481998325425,0.0040444813692965004,0.6168833645474894,0.0019550138043323557,0.655884559609809,0.002223039248014888,0.5031600186237754,0.0033241606748469314,0.5035199632452814,0.0033408000902474433,0.6478981954730364,0.0038130215241529764
C3 Sensor-rich,train_and_test,0.0,0.548410146480886,0.0,0.4284119452972369,0.0,0.48104042619868376,0.0,0.6089428147538817,0.0,0.5404739410834808,0.0,0.5408234622770858,0.0,0.29195785960154375,0.0
C3 Sensor-rich,train_and_test,0.1,0.5577436658138348,0.006923732250085341,0.5037119732068099,0.01366771427203611,0.5292821475411198,0.009112603012393337,0.6326687780757567,0.0056650313226532184,0.5517289320048324,0.01603906473277704,0.5520921932162255,0.01604329080680995,0.33754041931782625,0.00871111629989596
C3 Sensor-rich,train_and_test,0.3,0.5657247080995823,0.014525837412921619,0.6780909852079263,0.052846686163739186,0.6161790973724253,0.026787361060799333,0.6837490235833104,0.020006125933416028,0.5584625116612918,0.017106711688438275,0.5587973034216844,0.017095079321768673,0.4479399186398248,0.03230310262280233
C3 Sensor-rich,train_and_test,0.5,0.53166165617261,0.014520620899255912,0.8185319564610662,0.016637710874439843,0.6444443737900024,0.010605052753480974,0.693792960242525,0.012051430613762825,0.5541487838568729,0.014682660637361695,0.5544611336231009,0.01462798313196753,0.5758005632627516,0.021972036239160962
C3 Sensor-rich,train_and_test,0.7,0.4941451135889531,0.012091736067184241,0.8681551772257885,0.02011387759484219,0.6295668108743143,0.006163110260598057,0.668438014995306,0.009979466989149303,0.5189411235864788,0.010074798678166921,0.5193140471435257,0.010068896048911048,0.6571816000834463,0.030460822950358867
