scope,configuration,n,positive,positive_rate,F1,Balanced_Accuracy
Zone 1,C1 Soil-only,2603,1287,0.4944295044179793,0.7188835089718029,0.6247859705306514
Zone 1,C2 Low-cost hybrid,2603,1287,0.4944295044179793,0.7196819085487077,0.6768506316378657
Zone 1,C3 Sensor-rich,2603,1287,0.4944295044179793,0.38461538461538464,0.49401160305415626
Zone 1,Current-state persistence,2603,1287,0.4944295044179793,0.8170022371364654,0.8414029823604292
Zone 2,C1 Soil-only,1535,1311,0.854071661237785,0.922696787857395,0.5185637327013185
Zone 2,C2 Low-cost hybrid,1535,1311,0.854071661237785,0.8916761687571265,0.6192434210526316
Zone 2,C3 Sensor-rich,1535,1311,0.854071661237785,0.675146771037182,0.6671757518796992
Zone 2,Current-state persistence,1535,1311,0.854071661237785,0.8130883012102196,0.8169012885474556
Zone 3,C1 Soil-only,515,180,0.34951456310679613,0.5834738617200674,0.622346600331675
Zone 3,C2 Low-cost hybrid,515,180,0.34951456310679613,0.6770428015564203,0.7445273631840796
Zone 3,C3 Sensor-rich,515,180,0.34951456310679613,0.5811965811965812,0.6214759535655058
Zone 3,Current-state persistence,515,180,0.34951456310679613,0.09424083769633508,0.5220149253731343
Zone 4,C1 Soil-only,2339,785,0.33561351004702866,0.32230059685295714,0.4443199796702982
Zone 4,C2 Low-cost hybrid,2339,785,0.33561351004702866,0.40023474178403756,0.5312257662576134
Zone 4,C3 Sensor-rich,2339,785,0.33561351004702866,0.4,0.5842088221069113
Zone 4,Current-state persistence,2339,785,0.33561351004702866,0.575113808801214,0.6918517243358008
Zone 5,C1 Soil-only,2595,20,0.007707129094412331,0.032520325203252036,0.7424271844660194
Zone 5,C2 Low-cost hybrid,2595,20,0.007707129094412331,0.02576808721506442,0.6354854368932039
Zone 5,C3 Sensor-rich,2595,20,0.007707129094412331,0.03680981595092025,0.591747572815534
Zone 5,Current-state persistence,2595,20,0.007707129094412331,0.0,0.4994174757281553
Pooled all zones,C1 Soil-only,9587,3583,0.37373526650672784,0.6183877819358754,0.656194758429723
Pooled all zones,C2 Low-cost hybrid,9587,3583,0.37373526650672784,0.62798557908968,0.6802256956614466
Pooled all zones,C3 Sensor-rich,9587,3583,0.37373526650672784,0.4810404261986838,0.6089428147538817
Pooled all zones,Current-state persistence,9587,3583,0.37373526650672784,0.7362454151383795,0.7908831780766492
