split,zone,n,positive,positive_rate,first_decision,last_decision,last_target,complete_case_n
train,1,676,141,0.20857988165680474,2025-02-28 23:00:00+00:00,2025-05-30 21:10:00+00:00,2025-05-31 21:10:00+00:00,32
train,2,1318,229,0.17374810318664644,2025-03-01 01:10:00+00:00,2025-05-30 16:40:00+00:00,2025-05-31 16:40:00+00:00,137
train,3,1035,265,0.2560386473429952,2025-03-01 05:00:00+00:00,2025-05-30 19:10:00+00:00,2025-05-31 19:10:00+00:00,118
train,4,957,212,0.22152560083594566,2025-02-28 23:00:00+00:00,2025-05-30 20:00:00+00:00,2025-05-31 20:00:00+00:00,73
train,5,1937,46,0.023748064016520392,2025-02-28 23:40:00+00:00,2025-05-30 21:10:00+00:00,2025-05-31 21:10:00+00:00,661
test,1,2603,1287,0.4944295044179793,2025-05-31 22:30:00+00:00,2025-07-30 21:50:00+00:00,2025-07-31 21:50:00+00:00,1322
test,2,1535,1311,0.854071661237785,2025-06-01 06:10:00+00:00,2025-07-30 21:50:00+00:00,2025-07-31 21:50:00+00:00,933
test,3,515,180,0.34951456310679613,2025-06-01 00:10:00+00:00,2025-07-23 06:10:00+00:00,2025-07-24 06:10:00+00:00,83
test,4,2339,785,0.33561351004702866,2025-06-01 00:40:00+00:00,2025-07-30 21:50:00+00:00,2025-07-31 21:50:00+00:00,1183
test,5,2595,20,0.007707129094412331,2025-06-01 04:10:00+00:00,2025-07-30 21:50:00+00:00,2025-07-31 21:50:00+00:00,1824
