month,zone,configuration,n,positive,positive_rate,Precision,Recall,F1,Balanced_Accuracy,PR_AUC,Average_Precision,predicted_positive_rate,TN,FP,FN,TP
2025-06,1,C1 Soil-only,1047,111,0.10601719197707736,0.11734693877551021,0.8288288288288288,0.20558659217877095,0.5447562947562947,0.12017641701821924,0.12408786698761039,0.7488061127029608,244,692,19,92
2025-06,2,C1 Soil-only,363,139,0.38292011019283745,0.38571428571428573,0.9712230215827338,0.5521472392638037,0.5057007965056526,0.4130238117814791,0.39267226979821535,0.9641873278236914,9,215,4,135
2025-06,3,C1 Soil-only,255,40,0.1568627450980392,0.171875,0.825,0.28448275862068967,0.5427325581395348,0.4329717279191462,0.22328983424545337,0.7529411764705882,56,159,7,33
2025-06,4,C1 Soil-only,605,106,0.17520661157024794,0.2111111111111111,0.8962264150943396,0.34172661870503596,0.5924017847014784,0.5575961688253523,0.20695032074197195,0.743801652892562,144,355,11,95
2025-06,5,C1 Soil-only,347,8,0.023054755043227664,0.02666666666666667,1.0,0.05194805194805195,0.5693215339233039,0.5133333333333333,0.02666666666666667,0.8645533141210374,47,292,0,8
2025-06,1,C2 Low-cost hybrid,1047,111,0.10601719197707736,0.11978221415607986,0.5945945945945946,0.19939577039274925,0.5382161007161007,0.12283524613812957,0.12498056457980453,0.5262655205348615,451,485,45,66
2025-06,2,C2 Low-cost hybrid,363,139,0.38292011019283745,0.36909871244635195,0.6187050359712231,0.46236559139784944,0.48122751798561153,0.4288550224591333,0.4321478863739212,0.6418732782369146,77,147,53,86
2025-06,3,C2 Low-cost hybrid,255,40,0.1568627450980392,0.2328767123287671,0.85,0.3655913978494624,0.6645348837209302,0.22081668828999163,0.22998452086492613,0.5725490196078431,103,112,6,34
2025-06,4,C2 Low-cost hybrid,605,106,0.17520661157024794,0.2153392330383481,0.6886792452830188,0.32808988764044944,0.577806556509245,0.19664128499927658,0.2004864023795581,0.5603305785123966,233,266,33,73
2025-06,5,C2 Low-cost hybrid,347,8,0.023054755043227664,0.022321428571428572,0.625,0.04310344827586207,0.4894911504424779,0.020613870322302157,0.024438946880583016,0.6455331412103746,120,219,3,5
2025-06,1,C3 Sensor-rich,1047,111,0.10601719197707736,0.13218390804597702,0.4144144144144144,0.20043572984749455,0.5458824208824209,0.13605542754429992,0.13854116598853802,0.332378223495702,634,302,65,46
2025-06,2,C3 Sensor-rich,363,139,0.38292011019283745,0.44871794871794873,0.2517985611510791,0.3225806451612903,0.5299171377183967,0.3942750514792072,0.39864422871215643,0.21487603305785125,181,43,104,35
2025-06,3,C3 Sensor-rich,255,40,0.1568627450980392,0.17277486910994763,0.825,0.2857142857142857,0.5450581395348837,0.16148812919859706,0.16919402676763123,0.7490196078431373,57,158,7,33
2025-06,4,C3 Sensor-rich,605,106,0.17520661157024794,0.36,0.33962264150943394,0.34951456310679613,0.6056830642416909,0.26521171347565864,0.2692416776019979,0.1652892561983471,435,64,70,36
2025-06,5,C3 Sensor-rich,347,8,0.023054755043227664,0.04819277108433735,0.5,0.08791208791208792,0.6334808259587021,0.049656594770362536,0.06394144082952805,0.23919308357348704,260,79,4,4
2025-07,1,C1 Soil-only,1519,1173,0.7722185648452929,0.8242766407904023,0.9957374254049446,0.901930501930502,0.6380421231070965,0.738245452250345,0.9423220092903439,0.9328505595786701,97,249,5,1168
2025-07,2,C1 Soil-only,1165,1165,1.0,1.0,1.0,1.0,,,,1.0,0,0,0,1165
2025-07,3,C1 Soil-only,251,140,0.5577689243027888,0.6481481481481481,1.0,0.7865168539325843,0.6576576576576576,0.8240740740740741,0.6481481481481481,0.8605577689243028,35,76,0,140
2025-07,4,C1 Soil-only,1707,674,0.3948447568834212,0.33671742808798644,0.2952522255192878,0.31462450592885377,0.45788748739662355,0.45278898456826217,0.37218262057838436,0.3462214411247803,641,392,475,199
2025-07,5,C1 Soil-only,2233,12,0.005373936408419167,0.01282051282051282,0.8333333333333334,0.025252525252525252,0.7433213267297014,0.008458281261044455,0.014935218024563183,0.3493058665472459,1451,770,2,10
2025-07,1,C2 Low-cost hybrid,1519,1173,0.7722185648452929,0.872431506849315,0.8687127024722933,0.8705681332763776,0.7190384321610022,0.8840404116419021,0.8846537057151356,0.7689269256089533,197,149,154,1019
2025-07,2,C2 Low-cost hybrid,1165,1165,1.0,1.0,0.9296137339055794,0.9635231316725978,,,,0.9296137339055794,0,0,82,1083
2025-07,3,C2 Low-cost hybrid,251,140,0.5577689243027888,0.7608695652173914,1.0,0.8641975308641975,0.8018018018018018,0.9646436043270107,0.9648072454829393,0.7330677290836654,67,44,0,140
2025-07,4,C2 Low-cost hybrid,1707,674,0.3948447568834212,0.4658493870402802,0.39465875370919884,0.42730923694779116,0.5497011096716372,0.45544316827571973,0.45694764660723364,0.3345049794961921,728,305,408,266
2025-07,5,C2 Low-cost hybrid,2233,12,0.005373936408419167,0.010512483574244415,0.6666666666666666,0.02069857697283312,0.6638150983040672,0.010230904614611075,0.011764965275779598,0.3407971339005822,1468,753,4,8
2025-07,1,C3 Sensor-rich,1519,1173,0.7722185648452929,0.7443762781186094,0.3103154305200341,0.4380264741275572,0.47452187710972804,0.751379521134698,0.7521609594303071,0.3219223173140224,221,125,809,364
2025-07,2,C3 Sensor-rich,1165,1165,1.0,1.0,0.5570815450643777,0.7155457552370452,,,,0.5570815450643777,0,0,516,649
2025-07,3,C3 Sensor-rich,251,140,0.5577689243027888,0.6555023923444976,0.9785714285714285,0.7851002865329513,0.66496138996139,0.9091440669698768,0.9095894977461025,0.8326693227091634,39,72,3,137
2025-07,4,C3 Sensor-rich,1707,674,0.3948447568834212,0.5454545454545454,0.3293768545994065,0.4107308048103608,0.5751434127788901,0.5352481823428158,0.5367453061463177,0.23842999414176919,848,185,452,222
2025-07,5,C3 Sensor-rich,2233,12,0.005373936408419167,0.008968609865470852,0.16666666666666666,0.01702127659574468,0.5335809695332433,0.01609090788959801,0.019724513509646355,0.09986565158978952,2000,221,10,2
2025-08,1,C1 Soil-only,3743,3743,1.0,1.0,1.0,1.0,,,,1.0,0,0,0,3743
2025-08,2,C1 Soil-only,3727,3727,1.0,1.0,1.0,1.0,,,,1.0,0,0,0,3727
2025-08,4,C1 Soil-only,4091,1771,0.43290149107797604,0.375,0.040654997176736304,0.07335710646968925,0.4944654296228509,0.3884774300773162,0.4107569712411361,0.04693229039354681,2200,120,1699,72
2025-08,5,C1 Soil-only,3991,10,0.0025056376847907794,0.0039656311962987445,0.6,0.007879185817465528,0.6107259482542075,0.003745574180458034,0.004771168003236395,0.3791029817088449,2474,1507,4,6
2025-08,1,C2 Low-cost hybrid,3743,3743,1.0,1.0,0.8859203847181405,0.9395098455871936,,,,0.8859203847181405,0,0,427,3316
2025-08,2,C2 Low-cost hybrid,3727,3727,1.0,1.0,0.9401663536356318,0.9691605587055733,,,,0.9401663536356318,0,0,223,3504
2025-08,4,C2 Low-cost hybrid,4091,1771,0.43290149107797604,0.6503067484662577,0.059853190287972896,0.10961737331954498,0.5176421123853657,0.6659553243155023,0.6665077844341032,0.03984355903202151,2263,57,1665,106
2025-08,5,C2 Low-cost hybrid,3991,10,0.0025056376847907794,0.004004576659038902,0.7,0.007963594994311717,0.6313363476513438,0.0030745532086870492,0.0036375214483901357,0.43798546730142823,2240,1741,3,7
2025-08,1,C3 Sensor-rich,3743,3743,1.0,1.0,0.23376970344643333,0.37895192724122995,,,,0.23376970344643333,0,0,2868,875
2025-08,2,C3 Sensor-rich,3727,3727,1.0,1.0,0.4971827206868795,0.6641577060931899,,,,0.4971827206868795,0,0,1874,1853
2025-08,4,C3 Sensor-rich,4091,1771,0.43290149107797604,0.676,0.09542631281761717,0.16724393864423553,0.5302562598570845,0.6977566583657667,0.698281746336837,0.06110975311659741,2239,81,1602,169
2025-08,5,C3 Sensor-rich,3991,10,0.0025056376847907794,0.0,0.0,0.0,0.47613664908314496,0.0026683217658135944,0.002992684810635803,0.047607116011024804,3791,190,10,0
2025-09,1,C1 Soil-only,573,573,1.0,1.0,1.0,1.0,,,,1.0,0,0,0,573
2025-09,2,C1 Soil-only,2919,2919,1.0,1.0,1.0,1.0,,,,1.0,0,0,0,2919
2025-09,4,C1 Soil-only,2728,2728,1.0,1.0,0.4629765395894428,0.6329240791781509,,,,0.4629765395894428,0,0,1465,1263
2025-09,5,C1 Soil-only,2606,2606,1.0,1.0,0.9858019953952417,0.9928502415458937,,,,0.9858019953952417,0,0,37,2569
2025-09,1,C2 Low-cost hybrid,573,573,1.0,1.0,0.9895287958115183,0.9947368421052631,,,,0.9895287958115183,0,0,6,567
2025-09,2,C2 Low-cost hybrid,2919,2919,1.0,1.0,0.8931140801644398,0.9435396308360477,,,,0.8931140801644398,0,0,312,2607
2025-09,4,C2 Low-cost hybrid,2728,2728,1.0,1.0,0.48533724340175954,0.6535044422507403,,,,0.48533724340175954,0,0,1404,1324
2025-09,5,C2 Low-cost hybrid,2606,2606,1.0,1.0,0.8814274750575595,0.9369773607995106,,,,0.8814274750575595,0,0,309,2297
2025-09,1,C3 Sensor-rich,573,573,1.0,1.0,0.06282722513089005,0.11822660098522167,,,,0.06282722513089005,0,0,537,36
2025-09,2,C3 Sensor-rich,2919,2919,1.0,1.0,0.2514559780746831,0.4018614837120175,,,,0.2514559780746831,0,0,2185,734
2025-09,4,C3 Sensor-rich,2728,2728,1.0,1.0,0.4670087976539589,0.6366816591704147,,,,0.4670087976539589,0,0,1454,1274
2025-09,5,C3 Sensor-rich,2606,2606,1.0,1.0,0.04105909439754413,0.07887946922226317,,,,0.04105909439754413,0,0,2499,107
