month,configuration,status,n,positive,positive_rate,Precision,Recall,F1,Balanced_Accuracy,PR_AUC,Average_Precision,predicted_positive_rate,TN,FP,FN,TP
2025-06,C1 Soil-only,frozen March-May model,2617,404,0.15437523882307985,0.17485549132947978,0.8985148514851485,0.29274193548387095,0.5622262463480872,0.17647471708507131,0.1799446219295434,0.7932747420710737,500,1713,41,363
2025-06,C2 Low-cost hybrid,frozen March-May model,2617,404,0.15437523882307985,0.1768251841929002,0.6534653465346535,0.2783342119135477,0.5490553122189761,0.17618731999119758,0.17716667826947208,0.5705005731753917,984,1229,140,264
2025-06,C3 Sensor-rich,frozen March-May model,2617,404,0.15437523882307985,0.1925,0.3811881188118812,0.2558139534883721,0.5446383431836179,0.17995585357845645,0.18124987961104547,0.30569354222392053,1567,646,250,154
2025-07,C1 Soil-only,frozen March-May model,6875,3164,0.4602181818181818,0.6433197409450707,0.8476611883691529,0.7314877948997681,0.7234802842950588,0.8187520316252036,0.8009233732833615,0.6064,2224,1487,482,2682
2025-07,C2 Low-cost hybrid,frozen March-May model,6875,3164,0.4602181818181818,0.6679054950889302,0.7951959544879899,0.7260135622565287,0.7290450265568487,0.659354747138297,0.6598026060137132,0.5479272727272727,2460,1251,648,2516
2025-07,C3 Sensor-rich,frozen March-May model,6875,3164,0.4602181818181818,0.6949924127465857,0.43426042983565105,0.5345263567399339,0.635885267464309,0.6872049497214127,0.6875274651817254,0.28756363636363635,3108,603,1790,1374
2025-08,C1 Soil-only,frozen March-May model,15552,9251,0.5948431069958847,0.8226702997275205,0.8159117933196411,0.8192771084337349,0.7788494056266513,0.9193061084777745,0.9157884031775139,0.5899562757201646,4674,1627,1703,7548
2025-08,C2 Low-cost hybrid,frozen March-May model,15552,9251,0.5948431069958847,0.7940671171687091,0.7494324937844558,0.7711044377711045,0.7320404811407599,0.8189038131714403,0.8189278748257207,0.5614068930041153,4503,1798,2318,6933
2025-08,C3 Sensor-rich,frozen March-May model,15552,9251,0.5948431069958847,0.9144570707070707,0.3131553345584261,0.4665431999355826,0.6350731441876403,0.8704153986995492,0.8704780923117228,0.2037037037037037,6030,271,6354,2897
2025-09,C1 Soil-only,frozen March-May model,8826,8826,1.0,1.0,0.8298209834579651,0.9069969040247678,,,,0.8298209834579651,0,0,1502,7324
2025-09,C2 Low-cost hybrid,frozen March-May model,8826,8826,1.0,1.0,0.7698844323589396,0.8699827155751872,,,,0.7698844323589396,0,0,2031,6795
2025-09,C3 Sensor-rich,frozen March-May model,8826,8826,1.0,1.0,0.24371176070700204,0.3919103580213173,,,,0.24371176070700204,0,0,6675,2151
