configuration,zone,n,positive,positive_rate,Precision,Recall,F1,Balanced_Accuracy,PR_AUC,Average_Precision,predicted_positive_rate,TN,FP,FN,TP
C1 Soil-only,1,2603,1287,0.4944295044179793,0.5674460431654677,0.9805749805749806,0.7188835089718029,0.6247859705306514,0.5868485923297129,0.7958819309025648,0.8543987706492508,354,962,25,1262
C1 Soil-only,2,1535,1311,0.854071661237785,0.8587385019710907,0.9969488939740656,0.922696787857395,0.5185637327013185,0.9698878005203315,0.9537041034799453,0.9915309446254071,9,215,4,1307
C1 Soil-only,3,515,180,0.34951456310679613,0.4188861985472155,0.9611111111111111,0.5834738617200674,0.622346600331675,0.5805718914277883,0.42611830185298616,0.8019417475728156,95,240,7,173
C1 Soil-only,4,2339,785,0.33561351004702866,0.28071833648393196,0.378343949044586,0.32230059685295714,0.4443199796702982,0.3690067842263659,0.3080184513741403,0.4523300555793074,793,761,488,297
C1 Soil-only,5,2595,20,0.007707129094412331,0.01655933762649494,0.9,0.032520325203252036,0.7424271844660194,0.010056977724556923,0.01856542610534979,0.4188824662813102,1506,1069,2,18
C2 Low-cost hybrid,1,2603,1287,0.4944295044179793,0.6273830155979203,0.8438228438228438,0.7196819085487077,0.6768506316378657,0.6507860950898607,0.6513197816882386,0.6650019208605455,671,645,201,1086
C2 Low-cost hybrid,2,1535,1311,0.854071661237785,0.8886363636363637,0.8947368421052632,0.8916761687571265,0.6192434210526316,0.8915402976293705,0.8919385223686084,0.8599348534201955,77,147,138,1173
C2 Low-cost hybrid,3,515,180,0.34951456310679613,0.5209580838323353,0.9666666666666667,0.6770428015564203,0.7445273631840796,0.6431338033442535,0.6468783808489325,0.6485436893203883,175,160,6,174
C2 Low-cost hybrid,4,2339,785,0.33561351004702866,0.3710554951033732,0.43439490445859874,0.40023474178403756,0.5312257662576134,0.35631031685886516,0.357218360984387,0.39290294997862335,976,578,444,341
C2 Low-cost hybrid,5,2595,20,0.007707129094412331,0.01314459049544995,0.65,0.02576808721506442,0.6354854368932039,0.012686041419282899,0.013886074372234294,0.3811175337186898,1599,976,7,13
C3 Sensor-rich,1,2603,1287,0.4944295044179793,0.48520710059171596,0.3185703185703186,0.38461538461538464,0.49401160305415626,0.4961492435202144,0.49684049127333657,0.3246254321936227,881,435,877,410
C3 Sensor-rich,2,1535,1311,0.854071661237785,0.9413369713506139,0.5263157894736842,0.675146771037182,0.6671757518796992,0.9296697821340518,0.9297381934940452,0.4775244299674267,181,43,621,690
C3 Sensor-rich,3,515,180,0.34951456310679613,0.41975308641975306,0.9444444444444444,0.5811965811965812,0.6214759535655058,0.5592117257287769,0.5630258167487413,0.7864077669902912,100,235,10,170
C3 Sensor-rich,4,2339,785,0.33561351004702866,0.5078431372549019,0.32993630573248406,0.4,0.5842088221069113,0.47980574669413883,0.4810941354793704,0.21804189824711415,1303,251,526,259
C3 Sensor-rich,5,2595,20,0.007707129094412331,0.0196078431372549,0.3,0.03680981595092025,0.591747572815534,0.01970522511235162,0.022348310066408937,0.11791907514450867,2275,300,14,6
