timestamp_utc,device_ms,soil_1_raw,soil_1_moisture_pct,soil_1_status,soil_2_raw,soil_2_moisture_pct,soil_2_status,soil_3_raw,soil_3_moisture_pct,soil_3_status,soil_4_raw,soil_4_moisture_pct,soil_4_status,soil_composite_pct,soil_composite_count,soil_composite_spread_pct,weather_temp,weather_humidity,weather_rain,weather_pressure,weather_wind_speed,weather_radiation,soil_temperature_0-7cm,soil_temperature_7-18cm,ec,ph,water_vol_past_4h,active_probe,soil_moisture,simulated,mode,quality_flag,quality_detail
2026-10-08T04:00:00Z,0,2367,46.3,simulated,2326,48.59,simulated,2276,51.37,simulated,2235,53.63,simulated,49.98,4,7.33,23.5,64.0,0.0,1012.0,9.2,410.0,,,,,,soil_1,46.3,True,c2_low_cost_hybrid,simulated,SIMULATED_DATA
2026-10-08T04:00:01Z,1000,2362,46.58,simulated,2321,48.86,simulated,2271,51.62,simulated,2231,53.85,simulated,50.24,4,7.27,23.5,64.0,0.0,1012.0,9.2,410.0,,,,,,soil_1,46.58,True,c2_low_cost_hybrid,simulated,SIMULATED_DATA
2026-10-08T04:00:02Z,2000,2357,46.84,simulated,2317,49.11,simulated,2267,51.84,simulated,2228,54.05,simulated,50.48,4,7.21,23.5,64.0,0.0,1012.0,9.2,410.0,,,,,,soil_1,46.84,True,c2_low_cost_hybrid,simulated,SIMULATED_DATA
2026-10-08T04:00:03Z,3000,2353,47.09,simulated,2313,49.33,simulated,2264,52.04,simulated,2225,54.21,simulated,50.69,4,7.12,23.5,64.0,0.0,1012.0,9.2,410.0,,,,,,soil_1,47.09,True,c2_low_cost_hybrid,simulated,SIMULATED_DATA
2026-10-08T04:00:04Z,4000,2349,47.32,simulated,2309,49.53,simulated,2261,52.21,simulated,2222,54.34,simulated,50.87,4,7.02,23.5,64.0,0.0,1012.0,9.2,410.0,,,,,,soil_1,47.32,True,c2_low_cost_hybrid,simulated,SIMULATED_DATA
2026-10-08T04:00:05Z,5000,2345,47.52,simulated,2306,49.7,simulated,2258,52.34,simulated,2221,54.43,simulated,51.02,4,6.91,23.5,64.0,0.0,1012.0,9.2,410.0,,,,,,soil_1,47.52,True,c2_low_cost_hybrid,simulated,SIMULATED_DATA
2026-10-08T04:00:06Z,6000,2342,47.69,simulated,2304,49.83,simulated,2257,52.43,simulated,2220,54.49,simulated,51.13,4,6.8,23.5,64.0,0.0,1012.0,9.2,410.0,,,,,,soil_1,47.69,True,c2_low_cost_hybrid,simulated,SIMULATED_DATA
2026-10-08T04:00:07Z,7000,2340,47.83,simulated,2302,49.93,simulated,2256,52.49,simulated,2219,54.5,simulated,51.21,4,6.67,23.5,64.0,0.0,1012.0,9.2,410.0,,,,,,soil_1,47.83,True,c2_low_cost_hybrid,simulated,SIMULATED_DATA
2026-10-08T04:00:08Z,8000,2338,47.92,simulated,2301,49.98,simulated,2255,52.5,simulated,2220,54.47,simulated,51.24,4,6.55,23.5,64.0,0.0,1012.0,9.2,410.0,,,,,,soil_1,47.92,True,c2_low_cost_hybrid,simulated,SIMULATED_DATA
2026-10-08T04:00:09Z,9000,2337,47.98,simulated,2300,50.0,simulated,2256,52.47,simulated,2221,54.4,simulated,51.23,4,6.42,23.5,64.0,0.0,1012.0,9.2,410.0,,,,,,soil_1,47.98,True,c2_low_cost_hybrid,simulated,SIMULATED_DATA
2026-10-08T04:00:10Z,10000,2336,48.0,simulated,2301,49.98,simulated,2257,52.41,simulated,2223,54.29,simulated,51.19,4,6.29,23.5,64.0,0.0,1012.0,9.2,410.0,,,,,,soil_1,48.0,True,c2_low_cost_hybrid,simulated,SIMULATED_DATA
2026-10-08T04:00:11Z,11000,2337,47.98,simulated,2302,49.91,simulated,2259,52.3,simulated,2226,54.15,simulated,51.1,4,6.17,23.5,64.0,0.0,1012.0,9.2,410.0,,,,,,soil_1,47.98,True,c2_low_cost_hybrid,simulated,SIMULATED_DATA
2026-10-08T04:00:12Z,12000,2338,47.91,simulated,2304,49.81,simulated,2262,52.16,simulated,2229,53.97,simulated,50.98,4,6.06,23.5,64.0,0.0,1012.0,9.2,410.0,,,,,,soil_1,47.91,True,c2_low_cost_hybrid,simulated,SIMULATED_DATA
2026-10-08T04:00:13Z,13000,2340,47.81,simulated,2306,49.67,simulated,2265,51.98,simulated,2233,53.76,simulated,50.83,4,5.95,23.5,64.0,0.0,1012.0,9.2,410.0,,,,,,soil_1,47.81,True,c2_low_cost_hybrid,simulated,SIMULATED_DATA
2026-10-08T04:00:14Z,14000,2342,47.67,simulated,2310,49.49,simulated,2268,51.78,simulated,2237,53.53,simulated,50.64,4,5.86,23.5,64.0,0.0,1012.0,9.2,410.0,,,,,,soil_1,47.67,True,c2_low_cost_hybrid,simulated,SIMULATED_DATA
2026-10-08T04:00:15Z,15000,2345,47.5,simulated,2313,49.29,simulated,2273,51.54,simulated,2241,53.28,simulated,50.41,4,5.78,23.5,64.0,0.0,1012.0,9.2,410.0,,,,,,soil_1,47.5,True,c2_low_cost_hybrid,simulated,SIMULATED_DATA
2026-10-08T04:00:16Z,16000,2349,47.3,simulated,2317,49.06,simulated,2277,51.29,simulated,2246,53.01,simulated,50.17,4,5.71,23.5,64.0,0.0,1012.0,9.2,410.0,,,,,,soil_1,47.3,True,c2_low_cost_hybrid,simulated,SIMULATED_DATA
2026-10-08T04:00:17Z,17000,2353,47.07,simulated,2322,48.8,simulated,2282,51.02,simulated,2251,52.73,simulated,49.91,4,5.66,23.5,64.0,0.0,1012.0,9.2,410.0,,,,,,soil_1,47.07,True,c2_low_cost_hybrid,simulated,SIMULATED_DATA
2026-10-08T04:00:18Z,18000,2358,46.82,simulated,2327,48.53,simulated,2287,50.74,simulated,2257,52.44,simulated,49.64,4,5.62,23.5,64.0,0.0,1012.0,9.2,410.0,,,,,,soil_1,46.82,True,c2_low_cost_hybrid,simulated,SIMULATED_DATA
2026-10-08T04:00:19Z,19000,2363,46.55,simulated,2332,48.25,simulated,2292,50.45,simulated,2262,52.16,simulated,49.35,4,5.61,23.5,64.0,0.0,1012.0,9.2,410.0,,,,,,soil_1,46.55,True,c2_low_cost_hybrid,simulated,SIMULATED_DATA
2026-10-08T04:00:20Z,20000,2368,46.27,simulated,2337,47.97,simulated,2297,50.17,simulated,2267,51.88,simulated,49.07,4,5.61,23.5,64.0,0.0,1012.0,9.2,410.0,,,,,,soil_1,46.27,True,c2_low_cost_hybrid,simulated,SIMULATED_DATA
2026-10-08T04:00:21Z,21000,2373,45.98,simulated,2342,47.68,simulated,2302,49.89,simulated,2272,51.61,simulated,48.78,4,5.63,23.5,64.0,0.0,1012.0,9.2,410.0,,,,,,soil_1,45.98,True,c2_low_cost_hybrid,simulated,SIMULATED_DATA
2026-10-08T04:00:22Z,22000,2378,45.7,simulated,2347,47.41,simulated,2307,49.63,simulated,2276,51.37,simulated,48.52,4,5.67,23.5,64.0,0.0,1012.0,9.2,410.0,,,,,,soil_1,45.7,True,c2_low_cost_hybrid,simulated,SIMULATED_DATA
2026-10-08T04:00:23Z,23000,2383,45.42,simulated,2352,47.14,simulated,2312,49.38,simulated,2280,51.15,simulated,48.26,4,5.73,23.5,64.0,0.0,1012.0,9.2,410.0,,,,,,soil_1,45.42,True,c2_low_cost_hybrid,simulated,SIMULATED_DATA
2026-10-08T04:00:24Z,24000,2388,45.15,simulated,2356,46.89,simulated,2316,49.16,simulated,2283,50.95,simulated,48.02,4,5.8,23.5,64.0,0.0,1012.0,9.2,410.0,,,,,,soil_1,45.15,True,c2_low_cost_hybrid,simulated,SIMULATED_DATA
2026-10-08T04:00:25Z,25000,2392,44.9,simulated,2360,46.67,simulated,2319,48.96,simulated,2286,50.79,simulated,47.81,4,5.89,23.5,64.0,0.0,1012.0,9.2,410.0,,,,,,soil_1,44.9,True,c2_low_cost_hybrid,simulated,SIMULATED_DATA
2026-10-08T04:00:26Z,26000,2396,44.68,simulated,2364,46.47,simulated,2322,48.79,simulated,2289,50.66,simulated,47.63,4,5.98,23.5,64.0,0.0,1012.0,9.2,410.0,,,,,,soil_1,44.68,True,c2_low_cost_hybrid,simulated,SIMULATED_DATA
2026-10-08T04:00:27Z,27000,2400,44.48,simulated,2367,46.3,simulated,2325,48.66,simulated,2290,50.56,simulated,47.48,4,6.08,23.5,64.0,0.0,1012.0,9.2,410.0,,,,,,soil_1,44.48,True,c2_low_cost_hybrid,simulated,SIMULATED_DATA
2026-10-08T04:00:28Z,28000,2403,44.31,simulated,2369,46.17,simulated,2326,48.57,simulated,2291,50.51,simulated,47.37,4,6.2,23.5,64.0,0.0,1012.0,9.2,410.0,,,,,,soil_1,44.31,True,c2_low_cost_hybrid,simulated,SIMULATED_DATA
2026-10-08T04:00:29Z,29000,2405,44.17,simulated,2371,46.07,simulated,2327,48.51,simulated,2291,50.5,simulated,47.29,4,6.33,23.5,64.0,0.0,1012.0,9.2,410.0,,,,,,soil_1,44.17,True,c2_low_cost_hybrid,simulated,SIMULATED_DATA
