sector,start,end,initial_humidity,final_humidity,stop_reason,type,duration_hours
1,2025-02-22 06:01:00,2025-02-22 06:16:00,28,28,fertigation_timeout,fertigation,0.25
1,2025-03-04 16:32:00,2025-03-04 18:00:00,46,46,time_restriction,standard_irrigation,1.47
1,2025-03-10 15:58:00,2025-03-10 16:33:00,44,41,physical_valve_closure,standard_irrigation,0.58
1,2025-04-07 06:07:00,2025-04-07 06:28:00,44,41,fertigation_timeout,fertigation,0.35
1,2025-04-11 06:01:00,2025-04-11 06:16:00,42,39,fertigation_timeout,fertigation,0.25
1,2025-04-13 13:14:00,2025-04-13 18:00:00,53,52,time_restriction,standard_irrigation,4.77
1,2025-04-17 09:09:00,2025-04-17 13:15:00,40,22,physical_valve_closure,standard_irrigation,4.1
1,2025-04-17 13:26:00,2025-04-17 18:00:00,22,60,time_restriction,standard_irrigation,4.57
1,2025-05-07 06:00:00,2025-05-07 06:15:00,17,17,fertigation_timeout,fertigation,0.25
1,2025-05-07 07:15:00,2025-05-07 08:39:00,17,17,physical_valve_closure,standard_irrigation,1.4
1,2025-05-07 08:56:00,2025-05-07 11:34:00,17,17,fertigation_timeout,fertigation,2.63
1,2025-05-07 14:46:00,2025-05-07 15:01:00,22,22,fertigation_timeout,fertigation,0.25
1,2025-05-07 16:05:00,2025-05-07 16:23:00,32,32,fertigation_timeout,fertigation,0.3
1,2025-05-08 06:01:00,2025-05-08 06:16:00,26,26,fertigation_timeout,fertigation,0.25
1,2025-05-09 06:50:00,2025-05-09 11:06:00,49,32,physical_valve_closure,standard_irrigation,4.27
1,2025-05-10 16:14:00,2025-05-10 18:00:00,43,54,time_restriction,standard_irrigation,1.77
1,2025-05-11 08:07:00,2025-05-11 08:22:00,59,64,fertigation_timeout,fertigation,0.25
1,2025-05-12 06:01:00,2025-05-12 06:16:00,41,41,fertigation_timeout,fertigation,0.25
1,2025-05-12 06:40:00,2025-05-12 08:54:00,44,52,physical_valve_closure,standard_irrigation,2.23
1,2025-05-13 06:01:00,2025-05-13 06:16:00,41,41,fertigation_timeout,fertigation,0.25
1,2025-05-14 06:08:00,2025-05-14 10:43:00,38,46,physical_valve_closure,standard_irrigation,4.58
1,2025-05-15 10:34:00,2025-05-15 10:51:00,44,47,physical_valve_closure,standard_irrigation,0.28
1,2025-05-18 14:41:00,2025-05-18 15:15:00,42,39,fertigation_timeout,standard_irrigation,0.57
1,2025-05-19 07:51:00,2025-05-19 11:54:00,44,34,physical_valve_closure,standard_irrigation,4.05
1,2025-05-19 13:48:00,2025-05-19 18:00:00,34,34,time_restriction,standard_irrigation,4.2
1,2025-05-20 06:01:00,2025-05-20 06:16:00,45,45,fertigation_timeout,fertigation,0.25
1,2025-05-25 06:01:00,2025-05-25 06:16:00,29,29,fertigation_timeout,fertigation,0.25
1,2025-05-25 06:44:00,2025-05-25 07:46:00,41,61,humidity_threshold,standard_irrigation,1.03
1,2025-05-25 12:18:00,2025-05-25 12:33:00,37,45,fertigation_timeout,fertigation,0.25
1,2025-05-26 06:01:00,2025-05-26 06:16:00,22,48,fertigation_timeout,fertigation,0.25
1,2025-05-26 16:07:00,2025-05-26 16:22:00,51,53,fertigation_timeout,fertigation,0.25
1,2025-05-30 10:00:00,2025-05-30 10:15:00,41,41,fertigation_timeout,fertigation,0.25
1,2025-05-30 15:12:00,2025-05-30 15:27:00,41,51,fertigation_timeout,fertigation,0.25
1,2025-05-31 09:02:00,2025-05-31 12:36:00,42,38,physical_valve_closure,standard_irrigation,3.57
1,2025-05-31 15:59:00,2025-05-31 16:14:00,50,56,fertigation_timeout,fertigation,0.25
1,2025-06-01 12:46:00,2025-06-01 13:26:00,42,42,physical_valve_closure,standard_irrigation,0.67
1,2025-06-01 15:50:00,2025-06-01 16:41:00,43,40,physical_valve_closure,standard_irrigation,0.85
1,2025-06-01 16:46:00,2025-06-01 17:01:00,40,43,fertigation_timeout,fertigation,0.25
1,2025-06-02 16:50:00,2025-06-02 17:48:00,38,41,fertigation_timeout,standard_irrigation,0.97
1,2025-06-03 08:26:00,2025-06-03 11:45:00,17,17,physical_valve_closure,standard_irrigation,3.32
1,2025-06-03 13:25:00,2025-06-03 16:13:00,17,41,physical_valve_closure,standard_irrigation,2.8
1,2025-06-04 06:01:00,2025-06-04 06:16:00,38,38,fertigation_timeout,fertigation,0.25
1,2025-06-04 13:38:00,2025-06-04 14:01:00,42,42,physical_valve_closure,standard_irrigation,0.38
1,2025-06-04 14:18:00,2025-06-04 18:00:00,42,42,time_restriction,standard_irrigation,3.7
1,2025-06-05 06:57:00,2025-06-05 07:21:00,39,49,physical_valve_closure,standard_irrigation,0.4
1,2025-06-06 06:01:00,2025-06-06 06:16:00,19,36,fertigation_timeout,fertigation,0.25
1,2025-06-07 06:00:00,2025-06-07 06:17:00,41,38,fertigation_timeout,fertigation,0.28
1,2025-06-07 15:25:00,2025-06-07 18:00:00,40,44,time_restriction,standard_irrigation,2.58
1,2025-06-08 13:29:00,2025-06-08 13:55:00,37,61,fertigation_timeout,standard_irrigation,0.43
1,2025-06-09 10:13:00,2025-06-09 14:47:00,38,40,physical_valve_closure,standard_irrigation,4.57
1,2025-06-09 17:01:00,2025-06-09 18:00:00,40,59,time_restriction,standard_irrigation,0.98
1,2025-06-10 13:37:00,2025-06-10 14:02:00,23,34,physical_valve_closure,standard_irrigation,0.42
1,2025-06-10 15:59:00,2025-06-10 18:00:00,42,52,time_restriction,standard_irrigation,2.02
1,2025-06-11 10:45:00,2025-06-11 13:44:00,41,66,humidity_threshold,standard_irrigation,2.98
1,2025-06-12 06:01:00,2025-06-12 06:18:00,37,61,humidity_threshold,fertigation,0.28
1,2025-06-12 11:40:00,2025-06-12 13:52:00,38,68,humidity_threshold,standard_irrigation,2.2
1,2025-06-13 06:01:00,2025-06-13 06:16:00,36,36,fertigation_timeout,fertigation,0.25
1,2025-06-14 06:01:00,2025-06-14 06:16:00,30,36,fertigation_timeout,fertigation,0.25
1,2025-06-14 13:49:00,2025-06-14 15:52:00,38,68,physical_valve_closure,standard_irrigation,2.05
1,2025-06-15 11:34:00,2025-06-15 13:47:00,43,36,physical_valve_closure,standard_irrigation,2.22
1,2025-06-16 12:02:00,2025-06-16 12:25:00,43,68,physical_valve_closure,standard_irrigation,0.38
1,2025-06-17 06:01:00,2025-06-17 06:16:00,42,39,fertigation_timeout,fertigation,0.25
1,2025-06-17 11:59:00,2025-06-17 12:57:00,37,60,physical_valve_closure,standard_irrigation,0.97
1,2025-06-18 10:23:00,2025-06-18 12:40:00,42,39,physical_valve_closure,standard_irrigation,2.28
1,2025-06-18 13:00:00,2025-06-18 13:17:00,68,63,humidity_threshold,fertigation,0.28
1,2025-06-22 06:01:00,2025-06-22 06:16:00,41,38,fertigation_timeout,fertigation,0.25
1,2025-06-22 14:17:00,2025-06-22 17:08:00,46,66,humidity_threshold,standard_irrigation,2.85
1,2025-06-23 12:49:00,2025-06-23 14:37:00,38,72,humidity_threshold,standard_irrigation,1.8
1,2025-06-25 15:00:00,2025-06-25 15:15:00,52,71,fertigation_timeout,fertigation,0.25
1,2025-06-26 06:00:00,2025-06-26 06:17:00,38,35,fertigation_timeout,fertigation,0.28
1,2025-06-26 06:22:00,2025-06-26 09:06:00,35,70,humidity_threshold,standard_irrigation,2.73
1,2025-06-26 15:13:00,2025-06-26 15:39:00,42,80,fertigation_timeout,standard_irrigation,0.43
1,2025-06-27 06:01:00,2025-06-27 06:16:00,36,63,fertigation_timeout,fertigation,0.25
1,2025-06-30 06:01:00,2025-06-30 06:16:00,19,36,fertigation_timeout,fertigation,0.25
1,2025-06-30 06:21:00,2025-06-30 06:36:00,36,59,fertigation_timeout,fertigation,0.25
1,2025-07-01 14:35:00,2025-07-01 14:50:00,74,74,fertigation_timeout,fertigation,0.25
1,2025-07-02 06:01:00,2025-07-02 06:16:00,37,37,fertigation_timeout,fertigation,0.25
1,2025-07-03 06:01:00,2025-07-03 06:16:00,24,35,fertigation_timeout,fertigation,0.25
1,2025-07-03 15:36:00,2025-07-03 15:51:00,71,77,fertigation_timeout,fertigation,0.25
1,2025-07-04 06:01:00,2025-07-04 06:16:00,43,40,fertigation_timeout,fertigation,0.25
1,2025-07-04 09:33:00,2025-07-04 12:37:00,39,40,physical_valve_closure,standard_irrigation,3.07
1,2025-07-06 17:19:00,2025-07-06 18:00:00,51,68,time_restriction,standard_irrigation,0.68
1,2025-07-09 12:03:00,2025-07-09 12:55:00,45,39,physical_valve_closure,standard_irrigation,0.87
1,2025-07-11 06:01:00,2025-07-11 06:16:00,42,39,fertigation_timeout,fertigation,0.25
1,2025-07-12 06:01:00,2025-07-12 06:16:00,31,36,fertigation_timeout,fertigation,0.25
1,2025-07-12 16:02:00,2025-07-12 16:27:00,41,78,fertigation_timeout,standard_irrigation,0.42
1,2025-07-13 09:02:00,2025-07-13 09:17:00,70,64,fertigation_timeout,fertigation,0.25
2,2025-02-18 06:12:00,2025-02-18 07:43:00,37,66,humidity_threshold,fertigation,1.52
2,2025-02-19 06:01:00,2025-02-19 06:16:00,41,41,fertigation_timeout,fertigation,0.25
2,2025-02-19 06:27:00,2025-02-19 09:54:00,38,63,humidity_threshold,standard_irrigation,3.45
2,2025-02-20 06:01:00,2025-02-20 06:28:00,39,60,fertigation_timeout,fertigation,0.45
2,2025-02-21 06:01:00,2025-02-21 06:16:00,40,37,fertigation_timeout,fertigation,0.25
2,2025-02-23 06:24:00,2025-02-23 06:39:00,50,62,fertigation_timeout,fertigation,0.25
2,2025-02-25 06:01:00,2025-02-25 06:16:00,25,36,fertigation_timeout,fertigation,0.25
2,2025-03-02 06:31:00,2025-03-02 06:46:00,36,55,fertigation_timeout,fertigation,0.25
2,2025-03-03 06:01:00,2025-03-03 06:16:00,28,28,fertigation_timeout,fertigation,0.25
2,2025-03-05 06:01:00,2025-03-05 06:28:00,37,64,fertigation_timeout,fertigation,0.45
2,2025-03-05 15:06:00,2025-03-05 18:00:00,40,50,time_restriction,standard_irrigation,2.9
2,2025-03-06 06:23:00,2025-03-06 06:38:00,51,61,fertigation_timeout,fertigation,0.25
2,2025-03-10 06:01:00,2025-03-10 06:16:00,25,36,fertigation_timeout,fertigation,0.25
2,2025-03-12 06:35:00,2025-03-12 11:14:00,40,64,physical_valve_closure,standard_irrigation,4.65
2,2025-03-13 06:12:00,2025-03-13 07:03:00,37,67,physical_valve_closure,fertigation,0.85
2,2025-03-17 06:43:00,2025-03-17 07:10:00,41,60,fertigation_timeout,fertigation,0.45
2,2025-03-19 06:01:00,2025-03-19 06:16:00,44,44,fertigation_timeout,fertigation,0.25
2,2025-03-20 06:23:00,2025-03-20 06:38:00,40,65,humidity_threshold,fertigation,0.25
2,2025-03-21 06:01:00,2025-03-21 06:16:00,39,39,fertigation_timeout,fertigation,0.25
2,2025-03-24 06:01:00,2025-03-24 06:16:00,31,40,fertigation_timeout,fertigation,0.25
2,2025-03-24 06:24:00,2025-03-24 06:39:00,40,64,fertigation_timeout,fertigation,0.25
2,2025-03-27 06:00:00,2025-03-27 06:25:00,39,43,fertigation_timeout,fertigation,0.42
2,2025-03-27 07:00:00,2025-03-27 07:15:00,48,62,fertigation_timeout,fertigation,0.25
2,2025-03-29 16:14:00,2025-03-29 18:00:00,40,40,time_restriction,standard_irrigation,1.77
2,2025-03-30 06:22:00,2025-03-30 08:32:00,44,44,physical_valve_closure,standard_irrigation,2.17
2,2025-03-31 06:01:00,2025-03-31 06:33:00,42,39,fertigation_timeout,fertigation,0.53
2,2025-03-31 13:12:00,2025-03-31 18:00:00,39,46,time_restriction,standard_irrigation,4.8
2,2025-04-01 16:21:00,2025-04-01 18:00:00,39,52,time_restriction,standard_irrigation,1.65
2,2025-04-03 06:07:00,2025-04-03 06:31:00,38,46,fertigation_timeout,fertigation,0.4
2,2025-04-04 06:07:00,2025-04-04 06:27:00,39,42,fertigation_timeout,fertigation,0.33
2,2025-04-05 06:21:00,2025-04-05 14:58:00,58,62,humidity_threshold,standard_irrigation,8.62
2,2025-04-06 06:56:00,2025-04-06 07:11:00,47,58,fertigation_timeout,fertigation,0.25
2,2025-04-06 08:57:00,2025-04-06 09:12:00,38,38,fertigation_timeout,fertigation,0.25
2,2025-04-07 09:22:00,2025-04-07 09:43:00,41,67,humidity_threshold,standard_irrigation,0.35
2,2025-04-09 09:29:00,2025-04-09 09:51:00,51,60,fertigation_timeout,fertigation,0.37
2,2025-04-11 06:01:00,2025-04-11 06:16:00,40,37,fertigation_timeout,fertigation,0.25
2,2025-04-13 06:01:00,2025-04-13 06:28:00,42,39,fertigation_timeout,fertigation,0.45
2,2025-04-15 14:43:00,2025-04-15 18:00:00,41,48,time_restriction,standard_irrigation,3.28
2,2025-04-16 06:24:00,2025-04-16 12:15:00,38,61,humidity_threshold,standard_irrigation,5.85
2,2025-04-17 06:06:00,2025-04-17 09:23:00,46,40,physical_valve_closure,standard_irrigation,3.28
2,2025-04-17 14:53:00,2025-04-17 18:00:00,40,53,time_restriction,standard_irrigation,3.12
2,2025-04-19 13:14:00,2025-04-19 18:00:00,22,56,time_restriction,standard_irrigation,4.77
2,2025-05-07 06:01:00,2025-05-07 06:16:00,19,19,fertigation_timeout,fertigation,0.25
2,2025-05-07 07:15:00,2025-05-07 09:03:00,19,24,fertigation_timeout,standard_irrigation,1.8
2,2025-05-07 11:19:00,2025-05-07 11:34:00,24,24,fertigation_timeout,fertigation,0.25
2,2025-05-07 12:13:00,2025-05-07 15:01:00,24,25,fertigation_timeout,standard_irrigation,2.8
2,2025-05-07 15:14:00,2025-05-07 15:55:00,25,25,physical_valve_closure,standard_irrigation,0.68
2,2025-05-07 16:05:00,2025-05-07 16:20:00,25,25,fertigation_timeout,fertigation,0.25
2,2025-05-07 16:50:00,2025-05-07 17:59:00,25,30,physical_valve_closure,standard_irrigation,1.15
2,2025-05-08 06:01:00,2025-05-08 06:16:00,21,21,fertigation_timeout,fertigation,0.25
2,2025-05-08 11:36:00,2025-05-08 11:55:00,41,41,fertigation_timeout,fertigation,0.32
2,2025-05-09 06:34:00,2025-05-09 06:49:00,36,62,fertigation_timeout,fertigation,0.25
2,2025-05-10 09:58:00,2025-05-10 12:35:00,28,41,physical_valve_closure,standard_irrigation,2.62
2,2025-05-12 06:16:00,2025-05-12 06:31:00,41,38,fertigation_timeout,fertigation,0.25
2,2025-05-13 06:24:00,2025-05-13 10:38:00,57,61,physical_valve_closure,standard_irrigation,4.23
2,2025-05-13 15:21:00,2025-05-13 18:00:00,39,48,time_restriction,standard_irrigation,2.65
2,2025-05-14 11:09:00,2025-05-14 11:24:00,40,51,fertigation_timeout,fertigation,0.25
2,2025-05-16 15:34:00,2025-05-16 17:07:00,42,42,physical_valve_closure,standard_irrigation,1.55
2,2025-05-18 06:16:00,2025-05-18 06:31:00,39,39,fertigation_timeout,fertigation,0.25
2,2025-05-18 07:04:00,2025-05-18 08:08:00,39,36,physical_valve_closure,standard_irrigation,1.07
2,2025-05-18 10:54:00,2025-05-18 12:26:00,28,28,physical_valve_closure,standard_irrigation,1.53
2,2025-05-18 14:31:00,2025-05-18 14:53:00,28,28,physical_valve_closure,standard_irrigation,0.37
2,2025-05-18 14:56:00,2025-05-18 15:15:00,28,39,fertigation_timeout,standard_irrigation,0.32
2,2025-05-19 12:03:00,2025-05-19 12:43:00,40,72,fertigation_timeout,standard_irrigation,0.67
2,2025-05-20 11:32:00,2025-05-20 14:23:00,33,39,fertigation_timeout,standard_irrigation,2.85
2,2025-05-20 14:28:00,2025-05-20 14:43:00,36,51,fertigation_timeout,fertigation,0.25
2,2025-05-20 17:23:00,2025-05-20 18:00:00,31,31,time_restriction,standard_irrigation,0.62
2,2025-05-22 14:09:00,2025-05-22 17:24:00,43,37,physical_valve_closure,standard_irrigation,3.25
2,2025-05-23 06:18:00,2025-05-23 06:40:00,43,43,physical_valve_closure,standard_irrigation,0.37
2,2025-05-23 11:00:00,2025-05-23 11:15:00,41,41,fertigation_timeout,fertigation,0.25
2,2025-05-23 11:20:00,2025-05-23 13:40:00,38,38,physical_valve_closure,standard_irrigation,2.33
2,2025-05-23 15:17:00,2025-05-23 16:50:00,38,28,physical_valve_closure,standard_irrigation,1.55
2,2025-05-25 07:17:00,2025-05-25 13:10:00,46,40,fertigation_timeout,standard_irrigation,5.88
2,2025-05-25 14:00:00,2025-05-25 18:00:00,44,48,time_restriction,standard_irrigation,4.0
2,2025-05-26 16:00:00,2025-05-26 16:23:00,43,43,fertigation_timeout,standard_irrigation,0.38
2,2025-05-26 16:42:00,2025-05-26 16:57:00,43,43,fertigation_timeout,fertigation,0.25
2,2025-05-27 08:59:00,2025-05-27 10:09:00,42,42,physical_valve_closure,standard_irrigation,1.17
2,2025-05-27 14:39:00,2025-05-27 18:00:00,43,46,time_restriction,standard_irrigation,3.35
2,2025-05-29 06:16:00,2025-05-29 06:31:00,49,49,fertigation_timeout,fertigation,0.25
2,2025-05-30 08:58:00,2025-05-30 10:30:00,43,43,physical_valve_closure,standard_irrigation,1.53
2,2025-05-30 15:53:00,2025-05-30 17:23:00,44,41,physical_valve_closure,standard_irrigation,1.5
2,2025-05-31 10:47:00,2025-05-31 11:02:00,44,44,fertigation_timeout,fertigation,0.25
2,2025-05-31 13:11:00,2025-05-31 18:00:00,38,48,time_restriction,standard_irrigation,4.82
2,2025-06-01 11:34:00,2025-06-01 11:49:00,50,50,fertigation_timeout,fertigation,0.25
2,2025-06-01 14:50:00,2025-06-01 17:02:00,44,41,fertigation_timeout,standard_irrigation,2.2
2,2025-06-02 06:00:00,2025-06-02 06:15:00,41,41,fertigation_timeout,fertigation,0.25
2,2025-06-02 07:12:00,2025-06-02 07:27:00,41,41,fertigation_timeout,fertigation,0.25
2,2025-06-02 12:21:00,2025-06-02 12:36:00,48,48,fertigation_timeout,fertigation,0.25
2,2025-06-02 13:54:00,2025-06-02 17:48:00,42,39,fertigation_timeout,standard_irrigation,3.9
2,2025-06-03 06:17:00,2025-06-03 13:24:00,31,39,fertigation_timeout,standard_irrigation,7.12
2,2025-06-03 17:31:00,2025-06-03 17:58:00,39,39,physical_valve_closure,standard_irrigation,0.45
2,2025-06-04 06:00:00,2025-06-04 06:15:00,13,13,fertigation_timeout,fertigation,0.25
2,2025-06-04 08:51:00,2025-06-04 13:39:00,13,13,physical_valve_closure,standard_irrigation,4.8
2,2025-06-04 13:44:00,2025-06-04 13:59:00,13,13,fertigation_timeout,fertigation,0.25
2,2025-06-04 14:02:00,2025-06-04 14:17:00,13,13,fertigation_timeout,fertigation,0.25
2,2025-06-05 06:01:00,2025-06-05 06:16:00,13,13,fertigation_timeout,fertigation,0.25
2,2025-06-05 06:44:00,2025-06-05 07:03:00,13,13,physical_valve_closure,standard_irrigation,0.32
2,2025-06-05 07:21:00,2025-06-05 15:03:00,13,13,fertigation_timeout,standard_irrigation,7.7
2,2025-06-06 06:17:00,2025-06-06 09:44:00,35,35,fertigation_timeout,standard_irrigation,3.45
2,2025-06-06 11:22:00,2025-06-06 11:37:00,35,35,fertigation_timeout,fertigation,0.25
2,2025-06-06 13:07:00,2025-06-06 13:57:00,32,35,physical_valve_closure,standard_irrigation,0.83
2,2025-06-06 15:42:00,2025-06-06 16:27:00,38,41,physical_valve_closure,standard_irrigation,0.75
2,2025-06-07 06:00:00,2025-06-07 06:17:00,38,38,fertigation_timeout,fertigation,0.28
2,2025-06-07 07:14:00,2025-06-07 07:48:00,38,38,physical_valve_closure,standard_irrigation,0.57
2,2025-06-08 06:00:00,2025-06-08 10:59:00,26,42,physical_valve_closure,standard_irrigation,4.98
2,2025-06-08 12:33:00,2025-06-08 13:11:00,42,42,fertigation_timeout,standard_irrigation,0.63
2,2025-06-08 14:57:00,2025-06-08 15:38:00,42,33,physical_valve_closure,standard_irrigation,0.68
2,2025-06-09 06:01:00,2025-06-09 06:16:00,40,40,fertigation_timeout,fertigation,0.25
2,2025-06-09 13:20:00,2025-06-09 16:20:00,43,47,fertigation_timeout,standard_irrigation,3.0
2,2025-06-10 06:01:00,2025-06-10 06:16:00,39,39,fertigation_timeout,fertigation,0.25
2,2025-06-10 06:32:00,2025-06-10 09:53:00,40,40,physical_valve_closure,standard_irrigation,3.35
2,2025-06-10 11:26:00,2025-06-10 11:45:00,43,43,physical_valve_closure,standard_irrigation,0.32
2,2025-06-10 13:37:00,2025-06-10 15:09:00,40,38,physical_valve_closure,standard_irrigation,1.53
2,2025-06-10 17:13:00,2025-06-10 17:45:00,43,40,physical_valve_closure,standard_irrigation,0.53
2,2025-06-11 06:00:00,2025-06-11 09:22:00,40,40,physical_valve_closure,standard_irrigation,3.37
2,2025-06-11 10:45:00,2025-06-11 15:04:00,48,37,physical_valve_closure,standard_irrigation,4.32
2,2025-06-11 16:58:00,2025-06-11 17:29:00,37,37,physical_valve_closure,standard_irrigation,0.52
2,2025-06-12 06:01:00,2025-06-12 06:16:00,39,39,fertigation_timeout,fertigation,0.25
2,2025-06-12 06:35:00,2025-06-12 09:56:00,36,41,fertigation_timeout,standard_irrigation,3.35
2,2025-06-12 10:01:00,2025-06-12 10:16:00,41,38,fertigation_timeout,fertigation,0.25
2,2025-06-12 12:57:00,2025-06-12 13:27:00,41,41,physical_valve_closure,standard_irrigation,0.5
2,2025-06-12 14:50:00,2025-06-12 15:20:00,41,41,physical_valve_closure,standard_irrigation,0.5
2,2025-06-13 06:17:00,2025-06-13 06:52:00,41,41,physical_valve_closure,standard_irrigation,0.58
2,2025-06-13 06:55:00,2025-06-13 10:16:00,41,37,fertigation_timeout,standard_irrigation,3.35
2,2025-06-13 11:05:00,2025-06-13 13:12:00,37,38,physical_valve_closure,standard_irrigation,2.12
2,2025-06-13 14:35:00,2025-06-13 15:05:00,41,38,physical_valve_closure,standard_irrigation,0.5
2,2025-06-13 16:39:00,2025-06-13 17:09:00,41,38,physical_valve_closure,standard_irrigation,0.5
2,2025-06-14 06:01:00,2025-06-14 06:16:00,41,41,fertigation_timeout,fertigation,0.25
2,2025-06-14 09:55:00,2025-06-14 12:46:00,43,38,fertigation_timeout,standard_irrigation,2.85
2,2025-06-14 14:14:00,2025-06-14 14:53:00,41,37,physical_valve_closure,standard_irrigation,0.65
2,2025-06-14 16:27:00,2025-06-14 18:00:00,42,48,time_restriction,standard_irrigation,1.55
2,2025-06-15 09:22:00,2025-06-15 09:41:00,42,39,physical_valve_closure,standard_irrigation,0.32
2,2025-06-15 11:15:00,2025-06-15 11:55:00,42,42,physical_valve_closure,standard_irrigation,0.67
2,2025-06-15 13:36:00,2025-06-15 15:42:00,39,42,physical_valve_closure,standard_irrigation,2.1
2,2025-06-15 17:26:00,2025-06-15 17:57:00,42,39,physical_valve_closure,standard_irrigation,0.52
2,2025-06-16 06:17:00,2025-06-16 10:18:00,38,41,physical_valve_closure,standard_irrigation,4.02
2,2025-06-16 11:41:00,2025-06-16 12:13:00,42,42,physical_valve_closure,standard_irrigation,0.53
2,2025-06-16 12:30:00,2025-06-16 13:33:00,42,42,physical_valve_closure,standard_irrigation,1.05
2,2025-06-16 14:38:00,2025-06-16 17:21:00,42,43,physical_valve_closure,standard_irrigation,2.72
2,2025-06-17 06:00:00,2025-06-17 06:15:00,32,32,fertigation_timeout,fertigation,0.25
2,2025-06-17 09:43:00,2025-06-17 10:24:00,43,43,physical_valve_closure,standard_irrigation,0.68
2,2025-06-17 11:57:00,2025-06-17 14:31:00,43,37,physical_valve_closure,standard_irrigation,2.57
2,2025-06-17 16:15:00,2025-06-17 16:46:00,40,38,physical_valve_closure,standard_irrigation,0.52
2,2025-06-18 06:17:00,2025-06-18 06:36:00,39,39,fertigation_timeout,standard_irrigation,0.32
2,2025-06-18 06:44:00,2025-06-18 11:40:00,39,43,physical_valve_closure,standard_irrigation,4.93
2,2025-06-18 13:23:00,2025-06-18 18:00:00,43,40,time_restriction,standard_irrigation,4.62
2,2025-06-19 06:26:00,2025-06-19 09:17:00,37,43,physical_valve_closure,standard_irrigation,2.85
2,2025-06-20 06:17:00,2025-06-20 06:46:00,40,35,physical_valve_closure,standard_irrigation,0.48
2,2025-06-20 07:29:00,2025-06-20 10:10:00,35,23,physical_valve_closure,standard_irrigation,2.68
2,2025-06-21 06:00:00,2025-06-21 06:31:00,40,37,physical_valve_closure,standard_irrigation,0.52
2,2025-06-21 08:36:00,2025-06-21 09:07:00,41,38,physical_valve_closure,standard_irrigation,0.52
2,2025-06-21 11:53:00,2025-06-21 13:42:00,33,42,physical_valve_closure,standard_irrigation,1.82
2,2025-06-21 13:59:00,2025-06-21 14:27:00,42,38,physical_valve_closure,standard_irrigation,0.47
2,2025-06-21 15:38:00,2025-06-21 17:41:00,41,22,physical_valve_closure,standard_irrigation,2.05
2,2025-06-22 06:17:00,2025-06-22 06:56:00,38,35,physical_valve_closure,standard_irrigation,0.65
2,2025-06-22 08:52:00,2025-06-22 09:12:00,43,43,physical_valve_closure,standard_irrigation,0.33
2,2025-06-22 12:18:00,2025-06-22 12:38:00,43,43,physical_valve_closure,standard_irrigation,0.33
2,2025-06-22 13:40:00,2025-06-22 14:00:00,43,43,physical_valve_closure,standard_irrigation,0.33
2,2025-06-22 15:13:00,2025-06-22 15:34:00,43,43,physical_valve_closure,standard_irrigation,0.35
2,2025-06-22 16:46:00,2025-06-22 17:05:00,43,43,physical_valve_closure,standard_irrigation,0.32
2,2025-06-23 06:01:00,2025-06-23 06:16:00,31,31,fertigation_timeout,fertigation,0.25
2,2025-06-23 06:53:00,2025-06-23 09:38:00,36,43,physical_valve_closure,standard_irrigation,2.75
2,2025-06-23 12:44:00,2025-06-23 14:35:00,43,43,fertigation_timeout,standard_irrigation,1.85
2,2025-06-23 16:20:00,2025-06-23 16:41:00,43,43,physical_valve_closure,standard_irrigation,0.35
2,2025-06-24 06:17:00,2025-06-24 09:23:00,40,41,physical_valve_closure,standard_irrigation,3.1
2,2025-06-24 10:46:00,2025-06-24 11:21:00,42,42,physical_valve_closure,standard_irrigation,0.58
2,2025-06-24 12:50:00,2025-06-24 13:10:00,43,43,physical_valve_closure,standard_irrigation,0.33
2,2025-06-24 14:12:00,2025-06-24 14:33:00,43,43,physical_valve_closure,standard_irrigation,0.35
2,2025-06-24 16:47:00,2025-06-24 18:00:00,43,43,time_restriction,standard_irrigation,1.22
2,2025-06-25 08:58:00,2025-06-25 09:18:00,42,42,physical_valve_closure,standard_irrigation,0.33
2,2025-06-25 10:42:00,2025-06-25 11:02:00,40,21,physical_valve_closure,standard_irrigation,0.33
2,2025-06-25 13:26:00,2025-06-25 15:16:00,41,42,fertigation_timeout,standard_irrigation,1.83
2,2025-06-25 15:40:00,2025-06-25 17:12:00,39,39,physical_valve_closure,standard_irrigation,1.53
2,2025-06-26 06:00:00,2025-06-26 06:17:00,39,39,fertigation_timeout,fertigation,0.28
2,2025-06-26 06:49:00,2025-06-26 09:23:00,40,43,physical_valve_closure,standard_irrigation,2.57
2,2025-06-26 10:46:00,2025-06-26 12:39:00,43,43,physical_valve_closure,standard_irrigation,1.88
2,2025-06-26 13:41:00,2025-06-26 14:11:00,43,43,physical_valve_closure,standard_irrigation,0.5
2,2025-06-26 15:14:00,2025-06-26 15:40:00,43,43,fertigation_timeout,standard_irrigation,0.43
2,2025-06-26 15:56:00,2025-06-26 18:00:00,43,40,time_restriction,standard_irrigation,2.07
2,2025-06-27 09:18:00,2025-06-27 09:48:00,42,42,physical_valve_closure,standard_irrigation,0.5
2,2025-06-27 11:22:00,2025-06-27 11:41:00,42,42,physical_valve_closure,standard_irrigation,0.32
2,2025-06-27 14:17:00,2025-06-27 14:45:00,42,39,physical_valve_closure,standard_irrigation,0.47
2,2025-06-27 16:02:00,2025-06-27 16:30:00,42,39,physical_valve_closure,standard_irrigation,0.47
2,2025-06-28 06:00:00,2025-06-28 06:48:00,39,40,physical_valve_closure,standard_irrigation,0.8
2,2025-06-28 06:59:00,2025-06-28 10:04:00,25,43,physical_valve_closure,standard_irrigation,3.08
2,2025-06-28 11:37:00,2025-06-28 11:57:00,43,40,physical_valve_closure,standard_irrigation,0.33
2,2025-06-28 13:31:00,2025-06-28 14:00:00,41,38,physical_valve_closure,standard_irrigation,0.48
2,2025-06-28 15:34:00,2025-06-28 18:00:00,43,43,time_restriction,standard_irrigation,2.43
2,2025-06-29 06:00:00,2025-06-29 06:15:00,40,40,fertigation_timeout,fertigation,0.25
2,2025-06-29 13:46:00,2025-06-29 14:17:00,43,40,physical_valve_closure,standard_irrigation,0.52
2,2025-06-29 15:49:00,2025-06-29 18:00:00,43,44,time_restriction,standard_irrigation,2.18
2,2025-06-30 06:21:00,2025-06-30 06:36:00,19,19,fertigation_timeout,fertigation,0.25
2,2025-06-30 13:51:00,2025-06-30 14:16:00,41,26,physical_valve_closure,standard_irrigation,0.42
2,2025-07-06 08:20:00,2025-07-06 08:35:00,12,12,fertigation_timeout,fertigation,0.25
2,2025-07-13 09:02:00,2025-07-13 09:17:00,13,13,fertigation_timeout,fertigation,0.25
3,2025-02-17 16:10:00,2025-02-17 16:25:00,87,87,fertigation_timeout,fertigation,0.25
3,2025-02-18 06:12:00,2025-02-18 06:27:00,90,90,fertigation_timeout,fertigation,0.25
3,2025-02-19 06:01:00,2025-02-19 06:28:00,93,102,fertigation_timeout,fertigation,0.45
3,2025-02-20 12:42:00,2025-02-20 13:09:00,95,95,fertigation_timeout,fertigation,0.45
3,2025-02-24 12:54:00,2025-02-24 13:09:00,717,717,fertigation_timeout,fertigation,0.25
3,2025-02-25 12:55:00,2025-02-25 13:10:00,91,91,fertigation_timeout,fertigation,0.25
3,2025-02-26 06:24:00,2025-02-26 06:39:00,91,91,fertigation_timeout,fertigation,0.25
3,2025-02-28 06:00:00,2025-02-28 06:27:00,89,89,fertigation_timeout,fertigation,0.45
3,2025-02-28 12:54:00,2025-02-28 13:09:00,89,89,fertigation_timeout,fertigation,0.25
3,2025-03-01 17:45:00,2025-03-01 18:00:00,83,95,time_restriction,fertigation,0.25
3,2025-03-02 06:12:00,2025-03-02 06:27:00,102,99,fertigation_timeout,fertigation,0.25
3,2025-03-09 10:45:00,2025-03-09 11:00:00,98,93,fertigation_timeout,fertigation,0.25
3,2025-03-12 06:00:00,2025-03-12 06:27:00,92,105,fertigation_timeout,fertigation,0.45
3,2025-03-14 16:43:00,2025-03-14 16:58:00,63,63,fertigation_timeout,fertigation,0.25
3,2025-03-15 12:42:00,2025-03-15 13:09:00,74,79,fertigation_timeout,fertigation,0.45
3,2025-03-16 17:13:00,2025-03-16 17:40:00,75,85,fertigation_timeout,fertigation,0.45
3,2025-03-17 12:43:00,2025-03-17 13:10:00,86,95,fertigation_timeout,fertigation,0.45
3,2025-03-18 06:12:00,2025-03-18 06:27:00,90,101,fertigation_timeout,fertigation,0.25
3,2025-03-19 06:01:00,2025-03-19 06:28:00,88,104,fertigation_timeout,fertigation,0.45
3,2025-03-19 12:56:00,2025-03-19 13:11:00,97,97,fertigation_timeout,fertigation,0.25
3,2025-03-20 12:42:00,2025-03-20 13:09:00,91,102,fertigation_timeout,fertigation,0.45
3,2025-03-21 06:13:00,2025-03-21 06:28:00,116,116,fertigation_timeout,fertigation,0.25
3,2025-03-25 12:54:00,2025-03-25 13:09:00,102,105,fertigation_timeout,fertigation,0.25
3,2025-03-27 06:01:00,2025-03-27 06:23:00,96,96,fertigation_timeout,fertigation,0.37
3,2025-03-27 17:21:00,2025-03-27 17:36:00,73,73,fertigation_timeout,fertigation,0.25
3,2025-03-28 12:37:00,2025-03-28 12:59:00,50,71,fertigation_timeout,fertigation,0.37
3,2025-03-30 12:44:00,2025-03-30 12:59:00,64,74,fertigation_timeout,fertigation,0.25
3,2025-03-31 12:37:00,2025-03-31 12:59:00,58,56,fertigation_timeout,fertigation,0.37
3,2025-04-01 06:07:00,2025-04-01 06:22:00,75,75,fertigation_timeout,fertigation,0.25
3,2025-04-03 12:37:00,2025-04-03 12:59:00,59,60,fertigation_timeout,fertigation,0.37
3,2025-04-04 06:07:00,2025-04-04 06:22:00,54,69,fertigation_timeout,fertigation,0.25
3,2025-04-05 06:07:00,2025-04-05 06:22:00,54,74,fertigation_timeout,fertigation,0.25
3,2025-04-05 15:42:00,2025-04-05 18:00:00,73,70,time_restriction,standard_irrigation,2.3
3,2025-04-06 12:37:00,2025-04-06 12:59:00,68,82,fertigation_timeout,fertigation,0.37
3,2025-04-08 06:00:00,2025-04-08 06:22:00,74,91,fertigation_timeout,fertigation,0.37
3,2025-04-09 11:59:00,2025-04-09 12:22:00,85,93,fertigation_timeout,fertigation,0.38
3,2025-04-10 06:10:00,2025-04-10 06:25:00,92,100,fertigation_timeout,fertigation,0.25
3,2025-04-10 08:48:00,2025-04-10 09:03:00,93,114,fertigation_timeout,fertigation,0.25
3,2025-04-10 11:27:00,2025-04-10 11:42:00,113,103,fertigation_timeout,fertigation,0.25
3,2025-04-11 13:57:00,2025-04-11 14:12:00,93,93,fertigation_timeout,fertigation,0.25
3,2025-04-12 08:39:00,2025-04-12 09:03:00,95,105,fertigation_timeout,fertigation,0.4
3,2025-04-12 11:27:00,2025-04-12 11:42:00,99,106,fertigation_timeout,fertigation,0.25
3,2025-04-13 06:10:00,2025-04-13 06:25:00,91,102,fertigation_timeout,fertigation,0.25
3,2025-04-14 10:03:00,2025-04-14 10:18:00,97,104,fertigation_timeout,fertigation,0.25
3,2025-04-14 15:43:00,2025-04-14 15:58:00,92,92,fertigation_timeout,fertigation,0.25
3,2025-04-15 08:48:00,2025-04-15 09:03:00,117,111,fertigation_timeout,fertigation,0.25
3,2025-04-15 11:27:00,2025-04-15 11:42:00,99,105,fertigation_timeout,fertigation,0.25
3,2025-04-16 06:09:00,2025-04-16 06:24:00,89,99,fertigation_timeout,fertigation,0.25
3,2025-04-16 08:47:00,2025-04-16 09:02:00,93,109,fertigation_timeout,fertigation,0.25
3,2025-04-22 12:37:00,2025-04-22 16:02:00,75,50,physical_valve_closure,standard_irrigation,3.42
3,2025-05-07 06:01:00,2025-05-07 06:16:00,6,6,fertigation_timeout,fertigation,0.25
3,2025-05-07 07:14:00,2025-05-07 08:47:00,32,44,physical_valve_closure,standard_irrigation,1.55
3,2025-05-07 09:06:00,2025-05-07 11:30:00,44,79,physical_valve_closure,standard_irrigation,2.4
3,2025-05-08 06:01:00,2025-05-08 06:25:00,39,76,fertigation_timeout,fertigation,0.4
3,2025-05-08 10:18:00,2025-05-08 10:33:00,60,79,fertigation_timeout,fertigation,0.25
3,2025-05-08 12:57:00,2025-05-08 13:12:00,73,82,fertigation_timeout,fertigation,0.25
3,2025-05-09 06:17:00,2025-05-09 06:32:00,90,90,fertigation_timeout,fertigation,0.25
3,2025-05-14 15:54:00,2025-05-14 18:00:00,49,49,time_restriction,standard_irrigation,2.1
3,2025-05-16 06:01:00,2025-05-16 08:48:00,53,87,physical_valve_closure,standard_irrigation,2.78
3,2025-05-18 06:00:00,2025-05-18 06:15:00,68,72,fertigation_timeout,fertigation,0.25
3,2025-05-25 06:01:00,2025-05-25 06:16:00,37,46,fertigation_timeout,fertigation,0.25
3,2025-05-25 15:20:00,2025-05-25 18:00:00,43,61,time_restriction,standard_irrigation,2.67
3,2025-05-27 06:00:00,2025-05-27 06:15:00,55,64,fertigation_timeout,fertigation,0.25
3,2025-05-29 06:00:00,2025-05-29 06:15:00,48,53,fertigation_timeout,fertigation,0.25
3,2025-05-31 06:01:00,2025-05-31 06:16:00,49,55,fertigation_timeout,fertigation,0.25
3,2025-06-01 06:01:00,2025-06-01 06:16:00,49,39,fertigation_timeout,fertigation,0.25
3,2025-06-02 06:00:00,2025-06-02 06:15:00,52,57,fertigation_timeout,fertigation,0.25
3,2025-06-04 13:10:00,2025-06-04 18:00:00,39,39,time_restriction,standard_irrigation,4.83
3,2025-06-07 06:01:00,2025-06-07 06:16:00,44,74,fertigation_timeout,fertigation,0.25
3,2025-06-09 06:00:00,2025-06-09 06:15:00,44,71,fertigation_timeout,fertigation,0.25
3,2025-06-17 07:29:00,2025-06-17 07:44:00,57,91,fertigation_timeout,fertigation,0.25
3,2025-07-11 06:01:00,2025-07-11 06:16:00,63,90,fertigation_timeout,fertigation,0.25
4,2025-02-27 06:01:00,2025-02-27 06:16:00,110,107,fertigation_timeout,fertigation,0.25
4,2025-03-02 06:42:00,2025-03-02 06:57:00,95,99,fertigation_timeout,fertigation,0.25
4,2025-03-05 07:24:00,2025-03-05 07:39:00,90,90,fertigation_timeout,fertigation,0.25
4,2025-03-08 08:05:00,2025-03-08 08:20:00,83,92,fertigation_timeout,fertigation,0.25
4,2025-03-14 09:18:00,2025-03-14 09:45:00,82,93,fertigation_timeout,fertigation,0.45
4,2025-03-19 13:14:00,2025-03-19 18:00:00,79,104,time_restriction,standard_irrigation,4.77
4,2025-03-29 14:28:00,2025-03-29 14:50:00,99,99,fertigation_timeout,fertigation,0.37
4,2025-04-02 06:00:00,2025-04-02 06:22:00,84,90,fertigation_timeout,fertigation,0.37
4,2025-04-12 06:09:00,2025-04-12 06:24:00,63,78,fertigation_timeout,fertigation,0.25
4,2025-04-12 11:16:00,2025-04-12 11:34:00,84,84,fertigation_timeout,standard_irrigation,0.3
4,2025-04-15 12:23:00,2025-04-15 17:58:00,81,81,fertigation_timeout,standard_irrigation,5.58
4,2025-04-16 08:08:00,2025-04-16 11:43:00,80,80,physical_valve_closure,standard_irrigation,3.58
4,2025-04-18 06:07:00,2025-04-18 06:27:00,70,72,physical_valve_closure,standard_irrigation,0.33
4,2025-04-18 06:37:00,2025-04-18 10:14:00,72,80,physical_valve_closure,standard_irrigation,3.62
4,2025-04-18 11:56:00,2025-04-18 13:10:00,83,83,physical_valve_closure,standard_irrigation,1.23
4,2025-04-18 13:29:00,2025-04-18 15:11:00,89,84,physical_valve_closure,standard_irrigation,1.7
4,2025-04-18 15:31:00,2025-04-18 18:00:00,85,96,time_restriction,standard_irrigation,2.48
4,2025-04-19 13:50:00,2025-04-19 18:00:00,86,86,time_restriction,standard_irrigation,4.17
4,2025-04-20 07:18:00,2025-04-20 10:34:00,70,80,physical_valve_closure,standard_irrigation,3.27
4,2025-04-20 12:38:00,2025-04-20 14:40:00,77,82,physical_valve_closure,standard_irrigation,2.03
4,2025-04-20 15:01:00,2025-04-20 18:00:00,79,86,time_restriction,standard_irrigation,2.98
4,2025-04-22 12:27:00,2025-04-22 12:58:00,65,77,physical_valve_closure,standard_irrigation,0.52
4,2025-04-22 13:08:00,2025-04-22 16:33:00,83,81,physical_valve_closure,standard_irrigation,3.42
4,2025-05-07 06:01:00,2025-05-07 06:16:00,58,58,fertigation_timeout,fertigation,0.25
4,2025-05-07 07:15:00,2025-05-07 08:55:00,58,58,fertigation_timeout,standard_irrigation,1.67
4,2025-05-07 11:19:00,2025-05-07 11:34:00,63,63,fertigation_timeout,fertigation,0.25
4,2025-05-07 12:19:00,2025-05-07 15:01:00,69,42,fertigation_timeout,standard_irrigation,2.7
4,2025-05-07 16:05:00,2025-05-07 16:20:00,42,76,fertigation_timeout,fertigation,0.25
4,2025-05-08 06:01:00,2025-05-08 06:16:00,61,76,fertigation_timeout,fertigation,0.25
4,2025-05-08 06:22:00,2025-05-08 06:37:00,94,97,fertigation_timeout,fertigation,0.25
4,2025-05-09 06:16:00,2025-05-09 06:31:00,85,103,fertigation_timeout,fertigation,0.25
4,2025-05-09 06:34:00,2025-05-09 06:49:00,110,110,fertigation_timeout,fertigation,0.25
4,2025-05-09 13:04:00,2025-05-09 18:00:00,80,100,time_restriction,standard_irrigation,4.93
4,2025-05-11 07:50:00,2025-05-11 17:22:00,81,103,humidity_threshold,standard_irrigation,9.53
4,2025-05-14 09:26:00,2025-05-14 10:58:00,78,78,physical_valve_closure,standard_irrigation,1.53
4,2025-05-14 12:31:00,2025-05-14 16:36:00,78,78,physical_valve_closure,standard_irrigation,4.08
4,2025-05-14 17:18:00,2025-05-14 17:49:00,78,78,physical_valve_closure,standard_irrigation,0.52
4,2025-05-15 06:17:00,2025-05-15 10:16:00,75,75,physical_valve_closure,standard_irrigation,3.98
4,2025-05-15 11:00:00,2025-05-15 15:32:00,75,75,physical_valve_closure,standard_irrigation,4.53
4,2025-05-15 15:55:00,2025-05-15 17:09:00,75,75,physical_valve_closure,standard_irrigation,1.23
4,2025-05-15 17:12:00,2025-05-15 17:45:00,75,75,physical_valve_closure,standard_irrigation,0.55
4,2025-05-16 06:00:00,2025-05-16 08:30:00,73,76,physical_valve_closure,standard_irrigation,2.5
4,2025-05-16 08:48:00,2025-05-16 09:28:00,76,76,physical_valve_closure,standard_irrigation,0.67
4,2025-05-17 06:01:00,2025-05-17 06:16:00,62,62,fertigation_timeout,fertigation,0.25
4,2025-05-17 07:15:00,2025-05-17 14:28:00,69,75,fertigation_timeout,standard_irrigation,7.22
4,2025-05-17 15:36:00,2025-05-17 17:59:00,75,75,physical_valve_closure,standard_irrigation,2.38
4,2025-05-18 06:33:00,2025-05-18 07:03:00,75,75,fertigation_timeout,standard_irrigation,0.5
4,2025-05-18 12:50:00,2025-05-18 14:58:00,72,72,physical_valve_closure,standard_irrigation,2.13
4,2025-05-18 15:34:00,2025-05-18 17:59:00,72,72,physical_valve_closure,standard_irrigation,2.42
4,2025-05-19 06:00:00,2025-05-19 07:18:00,75,75,physical_valve_closure,standard_irrigation,1.3
4,2025-05-19 07:35:00,2025-05-19 07:50:00,75,72,fertigation_timeout,fertigation,0.25
4,2025-05-19 08:48:00,2025-05-19 12:27:00,72,72,physical_valve_closure,standard_irrigation,3.65
4,2025-05-19 12:44:00,2025-05-19 13:36:00,72,72,fertigation_timeout,standard_irrigation,0.87
4,2025-05-19 13:54:00,2025-05-19 17:12:00,72,72,physical_valve_closure,standard_irrigation,3.3
4,2025-05-19 17:16:00,2025-05-19 18:00:00,72,72,time_restriction,standard_irrigation,0.73
4,2025-05-20 07:39:00,2025-05-20 14:23:00,72,75,fertigation_timeout,standard_irrigation,6.73
4,2025-05-20 14:28:00,2025-05-20 14:43:00,75,75,fertigation_timeout,fertigation,0.25
4,2025-05-20 15:12:00,2025-05-20 17:59:00,75,75,physical_valve_closure,standard_irrigation,2.78
4,2025-05-22 06:00:00,2025-05-22 07:11:00,75,77,physical_valve_closure,standard_irrigation,1.18
4,2025-05-22 08:45:00,2025-05-22 11:28:00,77,77,physical_valve_closure,standard_irrigation,2.72
4,2025-05-22 15:14:00,2025-05-22 17:58:00,77,77,physical_valve_closure,standard_irrigation,2.73
4,2025-05-23 06:18:00,2025-05-23 06:40:00,75,72,physical_valve_closure,standard_irrigation,0.37
4,2025-05-23 06:51:00,2025-05-23 10:17:00,72,72,physical_valve_closure,standard_irrigation,3.43
4,2025-05-23 11:00:00,2025-05-23 11:15:00,72,72,fertigation_timeout,fertigation,0.25
4,2025-05-24 10:05:00,2025-05-24 10:36:00,74,77,physical_valve_closure,standard_irrigation,0.52
4,2025-05-24 11:07:00,2025-05-24 14:01:00,77,77,physical_valve_closure,standard_irrigation,2.9
4,2025-05-24 15:35:00,2025-05-24 18:00:00,77,77,time_restriction,standard_irrigation,2.42
4,2025-05-25 08:45:00,2025-05-25 11:08:00,77,77,physical_valve_closure,standard_irrigation,2.38
4,2025-05-25 12:17:00,2025-05-25 12:32:00,77,80,fertigation_timeout,fertigation,0.25
4,2025-05-25 12:55:00,2025-05-25 13:10:00,78,78,fertigation_timeout,fertigation,0.25
4,2025-05-25 17:09:00,2025-05-25 18:00:00,84,84,time_restriction,standard_irrigation,0.85
4,2025-05-26 07:36:00,2025-05-26 11:39:00,75,82,physical_valve_closure,standard_irrigation,4.05
4,2025-05-27 10:49:00,2025-05-27 11:09:00,76,76,physical_valve_closure,standard_irrigation,0.33
4,2025-05-27 12:59:00,2025-05-27 13:14:00,79,79,fertigation_timeout,fertigation,0.25
4,2025-05-28 06:00:00,2025-05-28 07:02:00,78,75,physical_valve_closure,standard_irrigation,1.03
4,2025-05-28 08:36:00,2025-05-28 10:39:00,64,48,physical_valve_closure,standard_irrigation,2.05
4,2025-05-28 13:46:00,2025-05-28 14:01:00,48,80,fertigation_timeout,fertigation,0.25
4,2025-05-29 06:50:00,2025-05-29 07:43:00,77,77,physical_valve_closure,standard_irrigation,0.88
4,2025-05-30 06:17:00,2025-05-30 07:15:00,78,75,physical_valve_closure,standard_irrigation,0.97
4,2025-05-30 13:46:00,2025-05-30 15:12:00,75,64,physical_valve_closure,standard_irrigation,1.43
4,2025-05-31 06:02:00,2025-05-31 06:17:00,80,80,fertigation_timeout,fertigation,0.25
4,2025-05-31 10:31:00,2025-05-31 11:20:00,81,82,physical_valve_closure,standard_irrigation,0.82
4,2025-06-01 06:45:00,2025-06-01 10:10:00,74,84,physical_valve_closure,standard_irrigation,3.42
4,2025-06-01 11:50:00,2025-06-01 12:05:00,84,84,fertigation_timeout,fertigation,0.25
4,2025-06-01 15:23:00,2025-06-01 17:02:00,84,84,fertigation_timeout,standard_irrigation,1.65
4,2025-06-02 06:00:00,2025-06-02 06:15:00,78,78,fertigation_timeout,fertigation,0.25
4,2025-06-02 08:18:00,2025-06-02 12:13:00,75,75,physical_valve_closure,standard_irrigation,3.92
4,2025-06-02 13:05:00,2025-06-02 17:48:00,75,63,fertigation_timeout,standard_irrigation,4.72
4,2025-06-03 06:17:00,2025-06-03 10:09:00,78,78,physical_valve_closure,standard_irrigation,3.87
4,2025-06-03 10:20:00,2025-06-03 13:24:00,78,75,fertigation_timeout,standard_irrigation,3.07
4,2025-06-03 13:36:00,2025-06-03 17:59:00,75,75,physical_valve_closure,standard_irrigation,4.38
4,2025-06-04 06:00:00,2025-06-04 06:15:00,76,76,fertigation_timeout,fertigation,0.25
4,2025-06-04 08:51:00,2025-06-04 14:00:00,76,76,fertigation_timeout,standard_irrigation,5.15
4,2025-06-04 14:18:00,2025-06-04 18:00:00,76,76,time_restriction,standard_irrigation,3.7
4,2025-06-05 06:01:00,2025-06-05 06:16:00,73,73,fertigation_timeout,fertigation,0.25
4,2025-06-05 07:21:00,2025-06-05 10:40:00,73,73,physical_valve_closure,standard_irrigation,3.32
4,2025-06-05 11:00:00,2025-06-05 15:03:00,73,73,fertigation_timeout,standard_irrigation,4.05
4,2025-06-05 15:34:00,2025-06-05 18:00:00,73,73,time_restriction,standard_irrigation,2.43
4,2025-06-06 06:17:00,2025-06-06 09:44:00,49,49,fertigation_timeout,standard_irrigation,3.45
4,2025-06-06 10:14:00,2025-06-06 11:55:00,80,83,physical_valve_closure,standard_irrigation,1.68
4,2025-06-06 14:15:00,2025-06-06 14:30:00,82,79,physical_valve_closure,standard_irrigation,0.25
4,2025-06-06 16:28:00,2025-06-06 17:42:00,84,78,physical_valve_closure,standard_irrigation,1.23
4,2025-06-07 06:00:00,2025-06-07 06:17:00,61,76,fertigation_timeout,fertigation,0.28
4,2025-06-07 13:24:00,2025-06-07 15:58:00,80,89,physical_valve_closure,standard_irrigation,2.57
4,2025-06-08 11:33:00,2025-06-08 11:48:00,84,89,fertigation_timeout,fertigation,0.25
4,2025-06-09 06:17:00,2025-06-09 06:51:00,81,81,physical_valve_closure,standard_irrigation,0.57
4,2025-06-09 09:16:00,2025-06-09 11:29:00,78,81,physical_valve_closure,standard_irrigation,2.22
4,2025-06-09 12:20:00,2025-06-09 12:35:00,86,83,fertigation_timeout,fertigation,0.25
4,2025-06-09 16:05:00,2025-06-09 16:20:00,81,86,fertigation_timeout,fertigation,0.25
4,2025-06-10 06:01:00,2025-06-10 06:16:00,80,80,fertigation_timeout,fertigation,0.25
4,2025-06-10 06:32:00,2025-06-10 09:05:00,77,80,physical_valve_closure,standard_irrigation,2.55
4,2025-06-10 13:37:00,2025-06-10 17:01:00,82,80,physical_valve_closure,standard_irrigation,3.4
4,2025-06-10 17:12:00,2025-06-10 18:00:00,69,89,time_restriction,standard_irrigation,0.8
4,2025-06-11 06:15:00,2025-06-11 09:39:00,83,87,physical_valve_closure,standard_irrigation,3.4
4,2025-06-12 06:00:00,2025-06-12 06:15:00,80,80,fertigation_timeout,fertigation,0.25
4,2025-06-12 09:40:00,2025-06-12 09:55:00,83,80,fertigation_timeout,fertigation,0.25
4,2025-06-12 11:42:00,2025-06-12 14:07:00,84,84,physical_valve_closure,standard_irrigation,2.42
4,2025-06-12 15:40:00,2025-06-12 18:00:00,84,84,time_restriction,standard_irrigation,2.33
4,2025-06-13 06:35:00,2025-06-13 09:59:00,81,82,physical_valve_closure,standard_irrigation,3.4
4,2025-06-13 13:26:00,2025-06-13 17:01:00,83,83,physical_valve_closure,standard_irrigation,3.58
4,2025-06-14 06:19:00,2025-06-14 10:21:00,63,78,physical_valve_closure,standard_irrigation,4.03
4,2025-06-14 10:47:00,2025-06-14 12:28:00,78,81,physical_valve_closure,standard_irrigation,1.68
4,2025-06-14 15:15:00,2025-06-14 18:00:00,74,85,time_restriction,standard_irrigation,2.75
4,2025-06-15 08:11:00,2025-06-15 08:36:00,79,88,fertigation_timeout,standard_irrigation,0.42
4,2025-06-15 10:40:00,2025-06-15 13:17:00,90,73,physical_valve_closure,fertigation,2.62
4,2025-06-16 06:28:00,2025-06-16 08:09:00,86,80,physical_valve_closure,standard_irrigation,1.68
4,2025-06-16 11:17:00,2025-06-16 13:58:00,86,80,physical_valve_closure,standard_irrigation,2.68
4,2025-06-16 14:39:00,2025-06-16 16:02:00,87,93,humidity_threshold,standard_irrigation,1.38
4,2025-06-17 10:23:00,2025-06-17 11:36:00,80,85,physical_valve_closure,standard_irrigation,1.22
4,2025-06-17 11:55:00,2025-06-17 14:49:00,61,80,physical_valve_closure,standard_irrigation,2.9
4,2025-06-18 06:01:00,2025-06-18 06:16:00,61,88,fertigation_timeout,fertigation,0.25
4,2025-06-18 07:18:00,2025-06-18 10:02:00,73,79,physical_valve_closure,standard_irrigation,2.73
4,2025-06-18 11:29:00,2025-06-18 11:55:00,83,80,fertigation_timeout,standard_irrigation,0.43
4,2025-06-18 17:39:00,2025-06-18 18:00:00,79,86,time_restriction,standard_irrigation,0.35
4,2025-06-19 06:32:00,2025-06-19 09:46:00,77,77,physical_valve_closure,standard_irrigation,3.23
4,2025-06-19 11:03:00,2025-06-19 11:18:00,81,81,fertigation_timeout,fertigation,0.25
4,2025-06-19 14:28:00,2025-06-19 17:52:00,79,80,physical_valve_closure,standard_irrigation,3.4
4,2025-06-20 12:42:00,2025-06-20 16:31:00,83,81,physical_valve_closure,standard_irrigation,3.82
4,2025-06-21 06:00:00,2025-06-21 06:15:00,81,78,physical_valve_closure,standard_irrigation,0.25
4,2025-06-21 10:35:00,2025-06-21 11:25:00,62,90,humidity_threshold,standard_irrigation,0.83
4,2025-06-21 13:02:00,2025-06-21 16:59:00,80,81,physical_valve_closure,standard_irrigation,3.95
4,2025-06-22 06:01:00,2025-06-22 06:16:00,78,78,fertigation_timeout,fertigation,0.25
4,2025-06-22 08:55:00,2025-06-22 10:39:00,89,80,physical_valve_closure,standard_irrigation,1.73
4,2025-06-22 12:33:00,2025-06-22 13:22:00,87,89,physical_valve_closure,standard_irrigation,0.82
4,2025-06-22 17:30:00,2025-06-22 18:00:00,79,79,time_restriction,standard_irrigation,0.5
4,2025-06-23 07:04:00,2025-06-23 10:19:00,76,96,humidity_threshold,standard_irrigation,3.25
4,2025-06-23 12:33:00,2025-06-23 13:38:00,81,87,physical_valve_closure,standard_irrigation,1.08
4,2025-06-24 06:01:00,2025-06-24 06:16:00,78,78,fertigation_timeout,fertigation,0.25
4,2025-06-25 06:00:00,2025-06-25 06:15:00,79,79,fertigation_timeout,fertigation,0.25
4,2025-06-25 06:33:00,2025-06-25 08:15:00,86,80,physical_valve_closure,standard_irrigation,1.7
4,2025-06-25 12:01:00,2025-06-25 14:22:00,80,95,humidity_threshold,standard_irrigation,2.35
4,2025-06-26 06:02:00,2025-06-26 06:17:00,78,78,fertigation_timeout,fertigation,0.25
4,2025-06-26 07:03:00,2025-06-26 09:16:00,78,74,physical_valve_closure,standard_irrigation,2.22
4,2025-06-26 12:52:00,2025-06-26 14:42:00,80,89,physical_valve_closure,standard_irrigation,1.83
4,2025-06-26 16:38:00,2025-06-26 17:59:00,80,80,physical_valve_closure,standard_irrigation,1.35
4,2025-06-27 06:00:00,2025-06-27 06:15:00,80,80,fertigation_timeout,fertigation,0.25
4,2025-06-27 09:57:00,2025-06-27 10:17:00,83,80,physical_valve_closure,standard_irrigation,0.33
4,2025-06-27 11:39:00,2025-06-27 11:59:00,83,83,physical_valve_closure,standard_irrigation,0.33
4,2025-06-27 13:11:00,2025-06-27 14:33:00,80,84,physical_valve_closure,standard_irrigation,1.37
4,2025-06-27 14:45:00,2025-06-27 15:02:00,81,90,humidity_threshold,fertigation,0.28
4,2025-06-28 06:01:00,2025-06-28 07:00:00,70,70,physical_valve_closure,standard_irrigation,0.98
4,2025-06-28 09:55:00,2025-06-28 10:16:00,79,98,humidity_threshold,standard_irrigation,0.35
4,2025-06-28 15:05:00,2025-06-28 17:58:00,89,80,physical_valve_closure,fertigation,2.88
4,2025-06-29 06:17:00,2025-06-29 09:35:00,79,92,humidity_threshold,standard_irrigation,3.3
4,2025-06-29 11:07:00,2025-06-29 11:56:00,81,81,physical_valve_closure,standard_irrigation,0.82
4,2025-06-29 12:59:00,2025-06-29 14:00:00,83,81,physical_valve_closure,standard_irrigation,1.02
4,2025-06-29 15:42:00,2025-06-29 18:00:00,86,81,time_restriction,standard_irrigation,2.3
4,2025-06-30 09:23:00,2025-06-30 10:25:00,81,92,humidity_threshold,standard_irrigation,1.03
4,2025-06-30 11:47:00,2025-06-30 12:48:00,55,70,physical_valve_closure,standard_irrigation,1.02
4,2025-06-30 14:33:00,2025-06-30 14:51:00,81,77,physical_valve_closure,standard_irrigation,0.3
4,2025-06-30 15:45:00,2025-06-30 16:00:00,83,80,fertigation_timeout,fertigation,0.25
4,2025-07-01 06:01:00,2025-07-01 06:16:00,62,62,fertigation_timeout,fertigation,0.25
4,2025-07-01 12:58:00,2025-07-01 15:01:00,77,78,physical_valve_closure,standard_irrigation,2.05
4,2025-07-01 16:22:00,2025-07-01 18:00:00,81,85,time_restriction,standard_irrigation,1.63
4,2025-07-02 07:18:00,2025-07-02 07:46:00,79,76,physical_valve_closure,standard_irrigation,0.47
4,2025-07-02 07:49:00,2025-07-02 12:06:00,76,82,physical_valve_closure,standard_irrigation,4.28
4,2025-07-02 12:57:00,2025-07-02 13:28:00,82,82,physical_valve_closure,standard_irrigation,0.52
4,2025-07-02 16:02:00,2025-07-02 17:55:00,83,68,physical_valve_closure,standard_irrigation,1.88
4,2025-07-03 07:39:00,2025-07-03 10:44:00,83,80,physical_valve_closure,standard_irrigation,3.08
4,2025-07-03 12:06:00,2025-07-03 13:59:00,83,84,physical_valve_closure,standard_irrigation,1.88
4,2025-07-03 14:20:00,2025-07-03 14:40:00,84,84,physical_valve_closure,standard_irrigation,0.33
4,2025-07-03 17:02:00,2025-07-03 18:00:00,82,90,time_restriction,standard_irrigation,0.97
4,2025-07-05 09:07:00,2025-07-05 09:49:00,84,92,humidity_threshold,standard_irrigation,0.7
4,2025-07-05 12:01:00,2025-07-05 14:04:00,80,76,physical_valve_closure,standard_irrigation,2.05
4,2025-07-05 15:06:00,2025-07-05 18:00:00,76,85,time_restriction,standard_irrigation,2.9
4,2025-07-06 06:52:00,2025-07-06 08:55:00,73,81,physical_valve_closure,standard_irrigation,2.05
4,2025-07-06 10:18:00,2025-07-06 11:48:00,63,80,physical_valve_closure,standard_irrigation,1.5
4,2025-07-06 12:52:00,2025-07-06 14:09:00,79,95,humidity_threshold,standard_irrigation,1.28
4,2025-07-06 15:32:00,2025-07-06 17:18:00,80,96,fertigation_timeout,standard_irrigation,1.77
4,2025-07-07 06:17:00,2025-07-07 06:41:00,78,78,fertigation_timeout,standard_irrigation,0.4
4,2025-07-07 10:32:00,2025-07-07 10:56:00,82,89,fertigation_timeout,standard_irrigation,0.4
4,2025-07-07 12:36:00,2025-07-07 13:16:00,81,77,fertigation_timeout,standard_irrigation,0.67
4,2025-07-07 15:37:00,2025-07-07 18:00:00,74,77,time_restriction,standard_irrigation,2.38
4,2025-07-08 07:07:00,2025-07-08 09:30:00,78,81,physical_valve_closure,standard_irrigation,2.38
4,2025-07-08 11:13:00,2025-07-08 14:58:00,85,79,physical_valve_closure,standard_irrigation,3.75
4,2025-07-08 15:52:00,2025-07-08 18:00:00,85,78,time_restriction,standard_irrigation,2.13
4,2025-07-09 06:36:00,2025-07-09 08:19:00,81,65,physical_valve_closure,fertigation,1.72
4,2025-07-09 12:16:00,2025-07-09 12:35:00,79,66,physical_valve_closure,standard_irrigation,0.32
4,2025-07-09 15:11:00,2025-07-09 16:53:00,78,80,physical_valve_closure,standard_irrigation,1.7
4,2025-07-10 06:17:00,2025-07-10 06:36:00,77,74,physical_valve_closure,standard_irrigation,0.32
4,2025-07-10 06:55:00,2025-07-10 07:10:00,88,85,fertigation_timeout,fertigation,0.25
4,2025-07-10 09:22:00,2025-07-10 13:58:00,81,78,physical_valve_closure,standard_irrigation,4.6
4,2025-07-10 15:00:00,2025-07-10 17:33:00,83,81,physical_valve_closure,standard_irrigation,2.55
4,2025-07-11 06:00:00,2025-07-11 06:17:00,81,78,fertigation_timeout,fertigation,0.28
4,2025-07-11 07:15:00,2025-07-11 07:30:00,91,102,fertigation_timeout,fertigation,0.25
4,2025-07-11 13:02:00,2025-07-11 13:48:00,77,81,physical_valve_closure,standard_irrigation,0.77
4,2025-07-11 15:52:00,2025-07-11 17:39:00,79,82,fertigation_timeout,standard_irrigation,1.78
4,2025-07-12 07:36:00,2025-07-12 07:51:00,84,81,fertigation_timeout,fertigation,0.25
4,2025-07-13 06:01:00,2025-07-13 06:16:00,73,78,fertigation_timeout,fertigation,0.25
4,2025-07-13 07:55:00,2025-07-13 08:10:00,91,101,fertigation_timeout,fertigation,0.25
4,2025-07-13 17:35:00,2025-07-13 17:50:00,83,83,fertigation_timeout,fertigation,0.25
4,2025-07-15 06:00:00,2025-07-15 06:15:00,73,77,fertigation_timeout,fertigation,0.25
4,2025-07-17 06:00:00,2025-07-17 06:15:00,76,61,fertigation_timeout,fertigation,0.25
4,2025-07-18 06:17:00,2025-07-18 06:36:00,74,91,fertigation_timeout,standard_irrigation,0.32
4,2025-07-18 12:09:00,2025-07-18 12:25:00,80,77,physical_valve_closure,standard_irrigation,0.27
4,2025-07-19 06:00:00,2025-07-19 06:17:00,78,75,physical_valve_closure,standard_irrigation,0.28
4,2025-07-19 06:40:00,2025-07-19 06:55:00,75,88,fertigation_timeout,fertigation,0.25
4,2025-07-19 13:43:00,2025-07-19 13:59:00,81,78,physical_valve_closure,standard_irrigation,0.27
4,2025-07-20 06:18:00,2025-07-20 06:36:00,74,79,physical_valve_closure,standard_irrigation,0.3
4,2025-07-20 07:00:00,2025-07-20 07:15:00,79,88,fertigation_timeout,fertigation,0.25
4,2025-07-20 15:53:00,2025-07-20 16:11:00,80,77,physical_valve_closure,standard_irrigation,0.3
4,2025-07-21 06:17:00,2025-07-21 06:36:00,54,77,physical_valve_closure,standard_irrigation,0.32
4,2025-07-21 17:38:00,2025-07-21 18:00:00,82,68,time_restriction,standard_irrigation,0.37
4,2025-07-22 06:16:00,2025-07-22 07:01:00,68,77,physical_valve_closure,standard_irrigation,0.75
4,2025-07-22 13:23:00,2025-07-22 13:42:00,82,82,physical_valve_closure,standard_irrigation,0.32
4,2025-07-23 06:00:00,2025-07-23 06:30:00,79,79,physical_valve_closure,standard_irrigation,0.5
4,2025-07-23 08:00:00,2025-07-23 08:15:00,79,83,fertigation_timeout,fertigation,0.25
4,2025-07-24 06:00:00,2025-07-24 06:15:00,73,73,physical_valve_closure,standard_irrigation,0.25
4,2025-07-24 08:20:00,2025-07-24 08:35:00,80,81,fertigation_timeout,fertigation,0.25
4,2025-07-25 08:41:00,2025-07-25 08:56:00,81,82,fertigation_timeout,fertigation,0.25
4,2025-07-26 06:00:00,2025-07-26 06:15:00,68,68,physical_valve_closure,standard_irrigation,0.25
4,2025-07-26 06:24:00,2025-07-26 06:44:00,68,69,physical_valve_closure,standard_irrigation,0.33
4,2025-07-26 07:01:00,2025-07-26 07:17:00,73,80,physical_valve_closure,standard_irrigation,0.27
4,2025-07-26 09:02:00,2025-07-26 09:17:00,81,82,fertigation_timeout,fertigation,0.25
4,2025-07-27 06:00:00,2025-07-27 06:28:00,68,68,physical_valve_closure,standard_irrigation,0.47
4,2025-07-27 09:21:00,2025-07-27 09:36:00,80,81,fertigation_timeout,fertigation,0.25
4,2025-07-28 09:41:00,2025-07-28 09:56:00,81,81,fertigation_timeout,fertigation,0.25
4,2025-07-28 13:54:00,2025-07-28 14:14:00,79,79,physical_valve_closure,standard_irrigation,0.33
4,2025-07-29 10:01:00,2025-07-29 10:16:00,79,80,fertigation_timeout,fertigation,0.25
4,2025-07-30 10:19:00,2025-07-30 10:37:00,79,80,physical_valve_closure,standard_irrigation,0.3
4,2025-07-31 06:00:00,2025-07-31 06:21:00,77,77,physical_valve_closure,standard_irrigation,0.35
4,2025-07-31 10:42:00,2025-07-31 10:57:00,79,82,fertigation_timeout,fertigation,0.25
4,2025-07-31 15:37:00,2025-07-31 15:57:00,79,79,physical_valve_closure,standard_irrigation,0.33
4,2025-08-01 06:00:00,2025-08-01 06:20:00,76,80,physical_valve_closure,standard_irrigation,0.33
4,2025-08-01 11:01:00,2025-08-01 11:16:00,82,82,fertigation_timeout,fertigation,0.25
4,2025-08-02 06:00:00,2025-08-02 06:19:00,76,76,physical_valve_closure,standard_irrigation,0.32
4,2025-08-02 11:21:00,2025-08-02 11:36:00,88,88,fertigation_timeout,fertigation,0.25
4,2025-08-04 06:00:00,2025-08-04 06:23:00,74,77,physical_valve_closure,standard_irrigation,0.38
4,2025-08-05 06:03:00,2025-08-05 06:25:00,76,88,physical_valve_closure,standard_irrigation,0.37
4,2025-08-05 11:37:00,2025-08-05 11:52:00,83,83,fertigation_timeout,fertigation,0.25
4,2025-08-06 06:00:00,2025-08-06 06:25:00,76,75,physical_valve_closure,standard_irrigation,0.42
4,2025-08-06 06:28:00,2025-08-06 06:48:00,75,76,physical_valve_closure,standard_irrigation,0.33
4,2025-08-06 11:56:00,2025-08-06 12:11:00,81,81,fertigation_timeout,fertigation,0.25
4,2025-08-07 12:17:00,2025-08-07 12:32:00,83,83,fertigation_timeout,fertigation,0.25
4,2025-08-08 11:27:00,2025-08-08 11:47:00,79,79,physical_valve_closure,standard_irrigation,0.33
4,2025-08-08 12:36:00,2025-08-08 12:51:00,85,88,fertigation_timeout,fertigation,0.25
4,2025-08-09 08:00:00,2025-08-09 08:23:00,79,79,physical_valve_closure,standard_irrigation,0.38
4,2025-08-09 12:57:00,2025-08-09 13:12:00,83,83,fertigation_timeout,fertigation,0.25
4,2025-08-10 11:44:00,2025-08-10 12:07:00,79,81,physical_valve_closure,standard_irrigation,0.38
4,2025-08-10 13:16:00,2025-08-10 13:31:00,83,86,fertigation_timeout,fertigation,0.25
4,2025-08-12 06:00:00,2025-08-12 06:15:00,73,73,fertigation_timeout,fertigation,0.25
4,2025-08-12 06:27:00,2025-08-12 06:48:00,73,76,physical_valve_closure,standard_irrigation,0.35
4,2025-08-13 06:02:00,2025-08-13 06:37:00,70,70,physical_valve_closure,standard_irrigation,0.58
4,2025-08-13 06:47:00,2025-08-13 07:05:00,70,75,physical_valve_closure,standard_irrigation,0.3
4,2025-08-14 06:41:00,2025-08-14 06:56:00,80,82,fertigation_timeout,fertigation,0.25
4,2025-08-14 13:20:00,2025-08-14 13:35:00,79,84,fertigation_timeout,fertigation,0.25
4,2025-08-15 07:01:00,2025-08-15 07:16:00,83,88,fertigation_timeout,fertigation,0.25
4,2025-08-16 06:00:00,2025-08-16 06:20:00,71,83,physical_valve_closure,standard_irrigation,0.33
4,2025-08-16 07:21:00,2025-08-16 07:36:00,80,87,fertigation_timeout,fertigation,0.25
4,2025-08-17 06:00:00,2025-08-17 06:15:00,73,73,physical_valve_closure,standard_irrigation,0.25
4,2025-08-17 06:19:00,2025-08-17 06:37:00,75,78,physical_valve_closure,standard_irrigation,0.3
4,2025-08-17 07:41:00,2025-08-17 07:56:00,80,81,fertigation_timeout,fertigation,0.25
4,2025-08-18 08:01:00,2025-08-18 08:16:00,80,82,fertigation_timeout,fertigation,0.25
4,2025-08-19 08:18:00,2025-08-19 08:38:00,79,81,physical_valve_closure,standard_irrigation,0.33
4,2025-08-19 17:36:00,2025-08-19 17:51:00,80,79,physical_valve_closure,standard_irrigation,0.25
4,2025-08-20 08:41:00,2025-08-20 08:56:00,80,81,fertigation_timeout,fertigation,0.25
4,2025-08-20 13:51:00,2025-08-20 14:10:00,80,79,physical_valve_closure,standard_irrigation,0.32
4,2025-08-21 06:09:00,2025-08-21 06:29:00,76,86,physical_valve_closure,standard_irrigation,0.33
4,2025-08-22 06:14:00,2025-08-22 06:30:00,74,81,physical_valve_closure,standard_irrigation,0.27
4,2025-08-22 07:11:00,2025-08-22 07:26:00,60,93,fertigation_timeout,fertigation,0.25
4,2025-08-23 12:20:00,2025-08-23 12:37:00,64,89,physical_valve_closure,standard_irrigation,0.28
4,2025-08-24 12:41:00,2025-08-24 12:56:00,79,84,fertigation_timeout,fertigation,0.25
4,2025-08-25 13:01:00,2025-08-25 13:16:00,82,90,fertigation_timeout,fertigation,0.25
4,2025-08-26 13:21:00,2025-08-26 13:36:00,82,89,fertigation_timeout,fertigation,0.25
4,2025-08-27 13:41:00,2025-08-27 13:56:00,80,87,fertigation_timeout,fertigation,0.25
4,2025-08-28 14:01:00,2025-08-28 14:16:00,81,87,fertigation_timeout,fertigation,0.25
4,2025-08-29 14:21:00,2025-08-29 14:36:00,82,90,fertigation_timeout,fertigation,0.25
4,2025-08-30 14:42:00,2025-08-30 14:57:00,81,84,fertigation_timeout,fertigation,0.25
4,2025-08-31 15:01:00,2025-08-31 15:16:00,80,90,fertigation_timeout,fertigation,0.25
5,2025-02-27 14:04:00,2025-02-27 14:19:00,69,74,fertigation_timeout,fertigation,0.25
5,2025-03-01 08:41:00,2025-03-01 08:56:00,80,80,fertigation_timeout,fertigation,0.25
5,2025-03-05 06:01:00,2025-03-05 06:16:00,51,51,fertigation_timeout,fertigation,0.25
5,2025-03-07 09:08:00,2025-03-07 10:19:00,49,85,physical_valve_closure,standard_irrigation,1.18
5,2025-03-07 11:11:00,2025-03-07 11:48:00,71,71,fertigation_timeout,standard_irrigation,0.62
5,2025-03-08 09:56:00,2025-03-08 10:11:00,74,74,fertigation_timeout,fertigation,0.25
5,2025-03-13 13:14:00,2025-03-13 13:29:00,80,74,fertigation_timeout,fertigation,0.25
5,2025-03-14 06:01:00,2025-03-14 06:16:00,45,67,fertigation_timeout,fertigation,0.25
5,2025-03-14 16:54:00,2025-03-14 17:09:00,78,72,fertigation_timeout,fertigation,0.25
5,2025-03-17 06:36:00,2025-03-17 06:51:00,85,74,fertigation_timeout,fertigation,0.25
5,2025-03-18 12:43:00,2025-03-18 12:58:00,73,73,fertigation_timeout,fertigation,0.25
5,2025-03-19 06:00:00,2025-03-19 06:17:00,60,60,fertigation_timeout,fertigation,0.28
5,2025-03-20 14:07:00,2025-03-20 14:22:00,72,77,fertigation_timeout,fertigation,0.25
5,2025-03-21 06:01:00,2025-03-21 06:16:00,45,45,fertigation_timeout,fertigation,0.25
5,2025-03-21 14:49:00,2025-03-21 15:04:00,72,78,fertigation_timeout,fertigation,0.25
5,2025-03-24 06:01:00,2025-03-24 06:16:00,51,51,fertigation_timeout,fertigation,0.25
5,2025-03-26 13:36:00,2025-03-26 13:57:00,84,74,fertigation_timeout,fertigation,0.35
5,2025-03-27 06:00:00,2025-03-27 06:29:00,60,77,fertigation_timeout,fertigation,0.48
5,2025-03-28 12:34:00,2025-03-28 13:00:00,73,73,fertigation_timeout,standard_irrigation,0.43
5,2025-03-29 06:01:00,2025-03-29 06:16:00,61,68,fertigation_timeout,fertigation,0.25
5,2025-03-29 14:35:00,2025-03-29 14:53:00,73,73,fertigation_timeout,fertigation,0.3
5,2025-03-31 06:01:00,2025-03-31 06:16:00,72,69,fertigation_timeout,fertigation,0.25
5,2025-04-01 06:01:00,2025-04-01 06:16:00,73,73,fertigation_timeout,fertigation,0.25
5,2025-04-02 06:14:00,2025-04-02 06:29:00,78,75,fertigation_timeout,fertigation,0.25
5,2025-04-03 06:00:00,2025-04-03 06:17:00,71,68,fertigation_timeout,fertigation,0.28
5,2025-04-05 06:01:00,2025-04-05 06:16:00,69,69,fertigation_timeout,fertigation,0.25
5,2025-04-10 06:01:00,2025-04-10 06:16:00,70,67,fertigation_timeout,fertigation,0.25
5,2025-04-13 06:10:00,2025-04-13 06:27:00,54,69,fertigation_timeout,fertigation,0.28
5,2025-04-14 08:30:00,2025-04-14 08:45:00,59,80,fertigation_timeout,fertigation,0.25
5,2025-05-07 06:18:00,2025-05-07 06:33:00,30,30,fertigation_timeout,fertigation,0.25
5,2025-05-07 07:16:00,2025-05-07 08:39:00,30,30,physical_valve_closure,standard_irrigation,1.38
5,2025-05-07 08:56:00,2025-05-07 11:34:00,30,30,fertigation_timeout,fertigation,2.63
5,2025-05-07 12:24:00,2025-05-07 15:01:00,30,30,fertigation_timeout,standard_irrigation,2.62
5,2025-05-07 16:05:00,2025-05-07 16:20:00,30,30,fertigation_timeout,fertigation,0.25
5,2025-05-07 16:35:00,2025-05-07 18:00:00,30,30,time_restriction,standard_irrigation,1.42
5,2025-05-08 06:01:00,2025-05-08 06:16:00,31,50,fertigation_timeout,fertigation,0.25
5,2025-05-08 06:21:00,2025-05-08 06:36:00,70,66,fertigation_timeout,fertigation,0.25
5,2025-05-08 06:58:00,2025-05-08 07:13:00,70,76,fertigation_timeout,fertigation,0.25
5,2025-05-08 08:49:00,2025-05-08 09:04:00,71,76,fertigation_timeout,fertigation,0.25
5,2025-05-08 09:46:00,2025-05-08 10:57:00,59,69,physical_valve_closure,standard_irrigation,1.18
5,2025-05-10 06:01:00,2025-05-10 06:16:00,69,66,fertigation_timeout,fertigation,0.25
5,2025-05-10 07:12:00,2025-05-10 07:36:00,71,80,fertigation_timeout,standard_irrigation,0.4
5,2025-05-10 08:15:00,2025-05-10 08:32:00,79,79,humidity_threshold,fertigation,0.28
5,2025-05-11 06:01:00,2025-05-11 06:16:00,44,44,fertigation_timeout,fertigation,0.25
5,2025-05-11 08:55:00,2025-05-11 09:20:00,70,87,fertigation_timeout,standard_irrigation,0.42
5,2025-05-12 06:01:00,2025-05-12 06:16:00,69,69,fertigation_timeout,fertigation,0.25
5,2025-05-12 08:45:00,2025-05-12 09:09:00,70,79,fertigation_timeout,standard_irrigation,0.4
5,2025-05-13 06:01:00,2025-05-13 06:16:00,59,66,fertigation_timeout,fertigation,0.25
5,2025-05-13 07:13:00,2025-05-13 07:34:00,70,73,fertigation_timeout,standard_irrigation,0.35
5,2025-05-14 12:42:00,2025-05-14 13:22:00,74,74,physical_valve_closure,standard_irrigation,0.67
5,2025-05-14 14:55:00,2025-05-14 15:47:00,74,74,humidity_threshold,standard_irrigation,0.87
5,2025-05-15 06:17:00,2025-05-15 06:32:00,51,81,physical_valve_closure,standard_irrigation,0.25
5,2025-05-15 09:17:00,2025-05-15 09:37:00,73,73,physical_valve_closure,standard_irrigation,0.33
5,2025-05-15 09:47:00,2025-05-15 10:17:00,73,73,humidity_threshold,standard_irrigation,0.5
5,2025-05-15 10:35:00,2025-05-15 10:50:00,84,91,physical_valve_closure,standard_irrigation,0.25
5,2025-05-16 06:00:00,2025-05-16 07:04:00,71,72,humidity_threshold,standard_irrigation,1.07
5,2025-05-16 08:31:00,2025-05-16 08:46:00,72,72,fertigation_timeout,fertigation,0.25
5,2025-05-16 14:01:00,2025-05-16 17:59:00,70,64,physical_valve_closure,standard_irrigation,3.97
5,2025-05-18 07:45:00,2025-05-18 08:17:00,68,62,humidity_threshold,standard_irrigation,0.53
5,2025-05-18 09:07:00,2025-05-18 12:49:00,62,63,fertigation_timeout,standard_irrigation,3.7
5,2025-05-18 14:17:00,2025-05-18 15:15:00,47,47,fertigation_timeout,standard_irrigation,0.97
5,2025-05-18 17:23:00,2025-05-18 17:59:00,68,68,physical_valve_closure,standard_irrigation,0.6
5,2025-05-19 07:05:00,2025-05-19 07:34:00,72,72,physical_valve_closure,standard_irrigation,0.48
5,2025-05-19 07:51:00,2025-05-19 08:47:00,72,72,fertigation_timeout,standard_irrigation,0.93
5,2025-05-19 12:28:00,2025-05-19 12:43:00,65,65,fertigation_timeout,fertigation,0.25
5,2025-05-19 13:21:00,2025-05-19 13:36:00,62,79,fertigation_timeout,fertigation,0.25
5,2025-05-20 06:01:00,2025-05-20 06:16:00,70,64,fertigation_timeout,fertigation,0.25
5,2025-05-20 13:28:00,2025-05-20 13:46:00,64,64,physical_valve_closure,standard_irrigation,0.3
5,2025-05-20 14:08:00,2025-05-20 14:23:00,64,71,fertigation_timeout,fertigation,0.25
5,2025-05-22 07:49:00,2025-05-22 08:04:00,69,84,fertigation_timeout,fertigation,0.25
5,2025-05-25 06:01:00,2025-05-25 06:16:00,65,65,fertigation_timeout,fertigation,0.25
5,2025-05-26 06:01:00,2025-05-26 06:16:00,53,53,fertigation_timeout,fertigation,0.25
5,2025-05-28 15:05:00,2025-05-28 15:20:00,90,90,fertigation_timeout,fertigation,0.25
5,2025-05-30 06:00:00,2025-05-30 06:15:00,73,70,fertigation_timeout,fertigation,0.25
5,2025-05-30 15:36:00,2025-05-30 15:51:00,73,112,fertigation_timeout,fertigation,0.25
5,2025-05-31 16:23:00,2025-05-31 16:38:00,72,112,fertigation_timeout,fertigation,0.25
5,2025-06-01 17:17:00,2025-06-01 17:59:00,55,55,physical_valve_closure,standard_irrigation,0.7
5,2025-06-02 07:01:00,2025-06-02 07:26:00,71,108,fertigation_timeout,standard_irrigation,0.42
5,2025-06-03 06:01:00,2025-06-03 06:16:00,70,75,fertigation_timeout,fertigation,0.25
5,2025-06-03 09:23:00,2025-06-03 13:08:00,72,72,physical_valve_closure,standard_irrigation,3.75
5,2025-06-03 13:25:00,2025-06-03 17:59:00,72,72,physical_valve_closure,standard_irrigation,4.57
5,2025-06-04 06:01:00,2025-06-04 06:16:00,58,58,fertigation_timeout,fertigation,0.25
5,2025-06-04 09:12:00,2025-06-04 13:45:00,72,69,physical_valve_closure,standard_irrigation,4.55
5,2025-06-04 14:02:00,2025-06-04 14:17:00,69,69,fertigation_timeout,fertigation,0.25
5,2025-06-04 14:59:00,2025-06-04 18:00:00,69,69,time_restriction,standard_irrigation,3.02
5,2025-06-05 06:01:00,2025-06-05 06:16:00,63,63,fertigation_timeout,fertigation,0.25
5,2025-06-05 09:11:00,2025-06-05 15:03:00,73,70,fertigation_timeout,standard_irrigation,5.87
5,2025-06-05 16:33:00,2025-06-05 18:00:00,70,67,time_restriction,standard_irrigation,1.45
5,2025-06-06 06:01:00,2025-06-06 06:16:00,50,50,fertigation_timeout,fertigation,0.25
5,2025-06-06 06:57:00,2025-06-06 09:44:00,72,72,fertigation_timeout,standard_irrigation,2.78
5,2025-06-10 09:54:00,2025-06-10 11:26:00,70,102,humidity_threshold,standard_irrigation,1.53
5,2025-06-10 16:32:00,2025-06-10 16:47:00,70,101,fertigation_timeout,fertigation,0.25
5,2025-06-12 17:41:00,2025-06-12 18:00:00,73,101,time_restriction,standard_irrigation,0.32
5,2025-06-14 06:01:00,2025-06-14 06:16:00,70,102,fertigation_timeout,fertigation,0.25
5,2025-06-15 12:58:00,2025-06-15 13:13:00,70,101,fertigation_timeout,fertigation,0.25
5,2025-06-20 06:01:00,2025-06-20 06:16:00,68,68,fertigation_timeout,fertigation,0.25
5,2025-06-20 07:01:00,2025-06-20 07:16:00,70,104,fertigation_timeout,fertigation,0.25
5,2025-06-23 11:20:00,2025-06-23 11:46:00,70,104,fertigation_timeout,standard_irrigation,0.43
5,2025-06-27 06:01:00,2025-06-27 06:16:00,69,69,fertigation_timeout,fertigation,0.25
5,2025-06-29 06:01:00,2025-06-29 06:16:00,69,69,fertigation_timeout,fertigation,0.25
5,2025-07-01 06:01:00,2025-07-01 06:16:00,69,69,fertigation_timeout,fertigation,0.25
5,2025-07-06 16:25:00,2025-07-06 16:49:00,66,71,fertigation_timeout,standard_irrigation,0.4
5,2025-07-07 06:17:00,2025-07-07 06:41:00,47,72,fertigation_timeout,standard_irrigation,0.4
5,2025-07-07 08:21:00,2025-07-07 08:36:00,71,66,fertigation_timeout,fertigation,0.25
5,2025-07-07 10:34:00,2025-07-07 10:56:00,66,68,fertigation_timeout,standard_irrigation,0.37
5,2025-07-07 17:34:00,2025-07-07 17:57:00,72,104,physical_valve_closure,standard_irrigation,0.38
5,2025-07-08 06:01:00,2025-07-08 06:32:00,59,83,fertigation_timeout,fertigation,0.52
5,2025-07-09 16:29:00,2025-07-09 16:46:00,73,73,fertigation_timeout,standard_irrigation,0.28
5,2025-07-10 06:53:00,2025-07-10 07:11:00,75,75,fertigation_timeout,standard_irrigation,0.3
5,2025-07-11 06:00:00,2025-07-11 06:17:00,63,69,fertigation_timeout,fertigation,0.28
5,2025-07-11 13:22:00,2025-07-11 13:37:00,74,98,fertigation_timeout,fertigation,0.25
5,2025-07-12 06:01:00,2025-07-12 06:16:00,61,71,fertigation_timeout,fertigation,0.25
5,2025-07-12 10:41:00,2025-07-12 10:56:00,67,78,fertigation_timeout,fertigation,0.25
5,2025-07-12 12:50:00,2025-07-12 13:15:00,69,73,fertigation_timeout,standard_irrigation,0.42
5,2025-07-15 15:08:00,2025-07-15 15:27:00,73,69,physical_valve_closure,standard_irrigation,0.32
5,2025-07-17 14:39:00,2025-07-17 14:58:00,73,69,fertigation_timeout,standard_irrigation,0.32
5,2025-07-18 11:52:00,2025-07-18 12:07:00,96,96,fertigation_timeout,fertigation,0.25
5,2025-07-19 08:47:00,2025-07-19 09:02:00,71,96,fertigation_timeout,fertigation,0.25
5,2025-07-19 15:17:00,2025-07-19 15:32:00,73,96,fertigation_timeout,fertigation,0.25
5,2025-07-19 16:45:00,2025-07-19 17:00:00,70,96,fertigation_timeout,fertigation,0.25
5,2025-07-21 08:18:00,2025-07-21 08:33:00,69,98,physical_valve_closure,standard_irrigation,0.25
5,2025-07-22 12:50:00,2025-07-22 13:05:00,96,96,fertigation_timeout,fertigation,0.25
5,2025-07-23 13:48:00,2025-07-23 14:14:00,74,96,fertigation_timeout,standard_irrigation,0.43
5,2025-07-24 14:17:00,2025-07-24 14:37:00,74,96,physical_valve_closure,standard_irrigation,0.33
5,2025-07-27 16:17:00,2025-07-27 16:32:00,74,97,fertigation_timeout,fertigation,0.25
5,2025-07-28 16:57:00,2025-07-28 17:12:00,75,98,fertigation_timeout,fertigation,0.25
5,2025-08-02 12:49:00,2025-08-02 13:04:00,97,97,fertigation_timeout,fertigation,0.25
5,2025-08-07 13:35:00,2025-08-07 13:50:00,98,92,fertigation_timeout,fertigation,0.25
5,2025-08-08 14:31:00,2025-08-08 14:46:00,75,97,fertigation_timeout,fertigation,0.25
5,2025-08-09 14:40:00,2025-08-09 14:55:00,75,75,fertigation_timeout,fertigation,0.25
5,2025-08-10 16:02:00,2025-08-10 16:17:00,74,96,fertigation_timeout,fertigation,0.25
5,2025-08-14 13:20:00,2025-08-14 13:35:00,75,97,fertigation_timeout,fertigation,0.25
5,2025-08-16 11:40:00,2025-08-16 11:55:00,75,98,fertigation_timeout,fertigation,0.25
5,2025-08-17 13:19:00,2025-08-17 13:34:00,98,98,fertigation_timeout,fertigation,0.25
5,2025-08-18 13:39:00,2025-08-18 13:54:00,98,98,fertigation_timeout,fertigation,0.25
5,2025-08-19 13:59:00,2025-08-19 14:14:00,75,98,fertigation_timeout,fertigation,0.25
5,2025-08-20 14:16:00,2025-08-20 14:31:00,74,99,fertigation_timeout,fertigation,0.25
5,2025-08-21 14:33:00,2025-08-21 14:58:00,69,99,fertigation_timeout,standard_irrigation,0.42
5,2025-08-22 15:05:00,2025-08-22 15:20:00,75,99,fertigation_timeout,fertigation,0.25
5,2025-08-24 11:58:00,2025-08-24 12:13:00,98,98,fertigation_timeout,fertigation,0.25
5,2025-08-25 14:11:00,2025-08-25 14:26:00,74,99,fertigation_timeout,fertigation,0.25
5,2025-08-26 14:31:00,2025-08-26 14:46:00,74,97,fertigation_timeout,fertigation,0.25
5,2025-08-27 14:51:00,2025-08-27 15:06:00,73,97,fertigation_timeout,fertigation,0.25
5,2025-08-28 15:12:00,2025-08-28 15:27:00,73,97,fertigation_timeout,fertigation,0.25
5,2025-08-29 15:31:00,2025-08-29 15:46:00,73,97,fertigation_timeout,fertigation,0.25
5,2025-08-30 16:00:00,2025-08-30 16:15:00,73,98,fertigation_timeout,fertigation,0.25
